"会員No","担当者名","担当者名カナ","担当者連絡先電話番号","担当者連絡先メールアドレス","setonagi"
"1","清水太郎","シミズタロウ","090-1158-8878","t-shimizu@kurahashi.co.jp",""
"3","ﾊﾛｰｽﾞ太郎","ﾊﾛｰｽﾞﾀﾛｳ","090-1158-0001","t-halows@test.com",""
"4","なかやま 太郎","ナカヤマ タロウ","080-1156-2222","t-nakayama@test.com",""
"5","てすと","てすと","090-1111-1111","test@test.com",""
"6","島谷浩二","シマタニ","090-1111-2222","shimatani@test.com",""
"7","テスト① 担当","テスト","090-9999-1234","test@test.com2",""
"8","鈴木一郎","スズキイチロウ","080-2888-5281","sample@gmail.com","1"
"9","山田二郎","ヤマダタロウ","080-2888-1111","sample1@gmail.com","1"
"10","田中三郎","ヤマダタロウ","080-2888-2222","sample2@gmail.com","1"
"11","伊藤四郎","ヤマダタロウ","080-2888-3333","sample3@gmail.com","1"
"12","稲垣五郎","ヤマダタロウ","080-2888-4444","sample4@gmail.com","1"
"13","山田太郎","ヤマダタロウ","080-2888-5555","sample5@gmail.com","1"