"user_id","company","company_kana","last_name","first_name","last_name_kana","first_name_kana","address01","address02","address03","address04","address05","","","","","","","","","","","","",""
"7","アルシオン","","山田","太郎","ヤマダ","タロウ","7200824","広島県","福山市多治米町","３ー２ー２","プレセランス・オリビエ２０２","","","","","","","","","","","","",""
"8","アルシオン８","","山田","太郎","ヤマダ","タロウ","7200824","広島県","福山市多治米町","３ー２ー２","プレセランス・オリビエ２０２","","","","","","","","","","","","",""
"9","アルシオン９","","山田","太郎","ヤマダ","タロウ","7200824","広島県","福山市多治米町","３ー２ー２","プレセランス・オリビエ２０２","","","","","","","","","","","","",""
"10","アルシオン１０","","山田","太郎","ヤマダ","タロウ","7200824","広島県","福山市多治米町","３ー２ー２","プレセランス・オリビエ２０２","","","","","","","","","","","","",""
"11","アルシオン１１","","山田","太郎","ヤマダ","タロウ","7200824","広島県","福山市多治米町","３ー２ー２","プレセランス・オリビエ２０２","","","","","","","","","","","","",""
"12","アルシオン１２","","山田","太郎","ヤマダ","タロウ","7200824","広島県","福山市多治米町","３ー２ー２","プレセランス・オリビエ２０２","","","","","","","","","","","","",""