価格グループコード,商品コード,SKUコード,掲載開始日,掲載期限,定価,単価
600000,101000175,2.10529E+13,2021/5/31 0:00,2021/5/31 18:00,0,1000
3370000,101000175,2.10529E+13,2021/5/31 0:00,2021/5/31 18:00,0,1000
10000000001,101000175,2.10529E+13,2021/5/31 0:00,2021/5/31 18:00,0,1000
10000000002,101000175,2.10529E+13,2021/5/31 0:00,2021/5/31 18:00,0,1000
10000000004,101000175,2.10529E+13,2021/5/31 0:00,2021/5/31 18:00,0,1100
10000000006,101000175,2.10529E+13,2021/5/31 0:00,2021/5/31 18:00,0,1100
10000000007,101000175,2.10529E+13,2021/5/31 0:00,2021/5/31 18:00,0,1045
10000000008,101000175,2.10529E+13,2021/5/31 0:00,2021/5/31 18:00,0,990
600000,101000244,2.10529E+13,2021/5/31 0:00,2021/5/31 18:00,0,1500
3370000,101000244,2.10529E+13,2021/5/31 0:00,2021/5/31 18:00,0,1500
10000000001,101000244,2.10529E+13,2021/5/31 0:00,2021/5/31 18:00,0,1500
10000000002,101000244,2.10529E+13,2021/5/31 0:00,2021/5/31 18:00,0,1500
10000000004,101000244,2.10529E+13,2021/5/31 0:00,2021/5/31 18:00,0,1600
10000000006,101000244,2.10529E+13,2021/5/31 0:00,2021/5/31 18:00,0,1600
10000000007,101000244,2.10529E+13,2021/5/31 0:00,2021/5/31 18:00,0,1520
10000000008,101000244,2.10529E+13,2021/5/31 0:00,2021/5/31 18:00,0,1440
3370000,101011111,2.10529E+13,2021/5/31 0:00,2021/5/31 18:00,0,1750
10000000001,101011111,2.10529E+13,2021/5/31 0:00,2021/5/31 18:00,0,1750
10000000002,101011111,2.10529E+13,2021/5/31 0:00,2021/5/31 18:00,0,1750
10000000004,101011111,2.10529E+13,2021/5/31 0:00,2021/5/31 18:00,0,1850
10000000006,101011111,2.10529E+13,2021/5/31 0:00,2021/5/31 18:00,0,1850
10000000007,101011111,2.10529E+13,2021/5/31 0:00,2021/5/31 18:00,0,1757
10000000008,101011111,2.10529E+13,2021/5/31 0:00,2021/5/31 18:00,0,1665
600000,101011122,101011122,2021/5/31 0:00,2021/5/31 18:00,0,2100
3370000,101011122,101011122,2021/5/31 0:00,2021/5/31 18:00,0,2100
10000000001,101011122,101011122,2021/5/31 0:00,2021/5/31 18:00,0,2100
10000000002,101011122,101011122,2021/5/31 0:00,2021/5/31 18:00,0,2100
10000000004,101011122,101011122,2021/5/31 0:00,2021/5/31 18:00,0,2200
10000000006,101011122,101011122,2021/5/31 0:00,2021/5/31 18:00,0,2200
10000000007,101011122,101011122,2021/5/31 0:00,2021/5/31 18:00,0,2090
10000000008,101011122,101011122,2021/5/31 0:00,2021/5/31 18:00,0,1980
600000,101011122,2.10529E+13,2021/5/31 0:00,2021/5/31 18:00,0,2000
3370000,101011122,2.10529E+13,2021/5/31 0:00,2021/5/31 18:00,0,2000
10000000001,101011122,2.10529E+13,2021/5/31 0:00,2021/5/31 18:00,0,2000
10000000002,101011122,2.10529E+13,2021/5/31 0:00,2021/5/31 18:00,0,2000
10000000004,101011122,2.10529E+13,2021/5/31 0:00,2021/5/31 18:00,0,2100
10000000006,101011122,2.10529E+13,2021/5/31 0:00,2021/5/31 18:00,0,2100
10000000007,101011122,2.10529E+13,2021/5/31 0:00,2021/5/31 18:00,0,1995
10000000008,101011122,2.10529E+13,2021/5/31 0:00,2021/5/31 18:00,0,1890
600000,101011155,101011155,2021/5/31 0:00,2021/5/31 18:00,0,1950
3370000,101011155,101011155,2021/5/31 0:00,2021/5/31 18:00,0,1950
10000000001,101011155,101011155,2021/5/31 0:00,2021/5/31 18:00,0,1950
10000000002,101011155,101011155,2021/5/31 0:00,2021/5/31 18:00,0,1950
10000000004,101011155,101011155,2021/5/31 0:00,2021/5/31 18:00,0,2050
10000000006,101011155,101011155,2021/5/31 0:00,2021/5/31 18:00,0,2050
10000000007,101011155,101011155,2021/5/31 0:00,2021/5/31 18:00,0,1947
10000000008,101011155,101011155,2021/5/31 0:00,2021/5/31 18:00,0,1845
600000,101011155,2.10529E+13,2021/5/31 0:00,2021/5/31 18:00,0,1950
3370000,101011155,2.10529E+13,2021/5/31 0:00,2021/5/31 18:00,0,1950
10000000001,101011155,2.10529E+13,2021/5/31 0:00,2021/5/31 18:00,0,1950
10000000002,101011155,2.10529E+13,2021/5/31 0:00,2021/5/31 18:00,0,1950
10000000004,101011155,2.10529E+13,2021/5/31 0:00,2021/5/31 18:00,0,2050
10000000006,101011155,2.10529E+13,2021/5/31 0:00,2021/5/31 18:00,0,2050
10000000007,101011155,2.10529E+13,2021/5/31 0:00,2021/5/31 18:00,0,1947
10000000008,101011155,2.10529E+13,2021/5/31 0:00,2021/5/31 18:00,0,1845
600000,101011199,101011199,2021/5/31 0:00,2021/5/31 18:00,0,2400
3370000,101011199,101011199,2021/5/31 0:00,2021/5/31 18:00,0,2400
10000000001,101011199,101011199,2021/5/31 0:00,2021/5/31 18:00,0,2400
10000000002,101011199,101011199,2021/5/31 0:00,2021/5/31 18:00,0,2400
10000000004,101011199,101011199,2021/5/31 0:00,2021/5/31 18:00,0,2500
10000000006,101011199,101011199,2021/5/31 0:00,2021/5/31 18:00,0,2500
10000000007,101011199,101011199,2021/5/31 0:00,2021/5/31 18:00,0,2375
10000000008,101011199,101011199,2021/5/31 0:00,2021/5/31 18:00,0,2250
600000,101011199,2.10529E+13,2021/5/31 0:00,2021/5/31 18:00,0,2100
3370000,101011199,2.10529E+13,2021/5/31 0:00,2021/5/31 18:00,0,2100
10000000001,101011199,2.10529E+13,2021/5/31 0:00,2021/5/31 18:00,0,2100
10000000002,101011199,2.10529E+13,2021/5/31 0:00,2021/5/31 18:00,0,2100
10000000004,101011199,2.10529E+13,2021/5/31 0:00,2021/5/31 18:00,0,2200
10000000006,101011199,2.10529E+13,2021/5/31 0:00,2021/5/31 18:00,0,2200
10000000007,101011199,2.10529E+13,2021/5/31 0:00,2021/5/31 18:00,0,2090
10000000008,101011199,2.10529E+13,2021/5/31 0:00,2021/5/31 18:00,0,1980
3370000,101215101,101215101,2021/5/31 0:00,2021/5/31 18:00,0,0
10000000004,101215101,101215101,2021/5/31 0:00,2021/5/31 18:00,0,100
10000000006,101215101,101215101,2021/5/31 0:00,2021/5/31 18:00,0,100
10000000007,101215101,101215101,2021/5/31 0:00,2021/5/31 18:00,0,95
10000000008,101215101,101215101,2021/5/31 0:00,2021/5/31 18:00,0,90
600000,101333300,101333300,2021/5/31 0:00,2021/5/31 18:00,0,2500
3370000,101333300,101333300,2021/5/31 0:00,2021/5/31 18:00,0,2500
10000000001,101333300,101333300,2021/5/31 0:00,2021/5/31 18:00,0,2500
10000000002,101333300,101333300,2021/5/31 0:00,2021/5/31 18:00,0,2500
10000000004,101333300,101333300,2021/5/31 0:00,2021/5/31 18:00,0,2600
10000000005,101333300,101333300,2021/5/31 0:00,2021/5/31 18:00,0,2500
10000000006,101333300,101333300,2021/5/31 0:00,2021/5/31 18:00,0,2600
10000000007,101333300,101333300,2021/5/31 0:00,2021/5/31 18:00,0,2470
10000000008,101333300,101333300,2021/5/31 0:00,2021/5/31 18:00,0,2340
600000,101333316,101333316,2021/5/31 0:00,2021/5/31 18:00,0,6000
3370000,101333316,101333316,2021/5/31 0:00,2021/5/31 18:00,0,6000
10000000001,101333316,101333316,2021/5/31 0:00,2021/5/31 18:00,0,6000
10000000002,101333316,101333316,2021/5/31 0:00,2021/5/31 18:00,0,6000
10000000004,101333316,101333316,2021/5/31 0:00,2021/5/31 18:00,0,6100
10000000005,101333316,101333316,2021/5/31 0:00,2021/5/31 18:00,0,6000
10000000006,101333316,101333316,2021/5/31 0:00,2021/5/31 18:00,0,6100
10000000007,101333316,101333316,2021/5/31 0:00,2021/5/31 18:00,0,5795
10000000008,101333316,101333316,2021/5/31 0:00,2021/5/31 18:00,0,5490
600000,101410010,2.1053E+13,2021/5/31 0:00,2021/5/31 18:00,0,未定
3370000,101410010,2.1053E+13,2021/5/31 0:00,2021/5/31 18:00,0,未定
10000000001,101410010,2.1053E+13,2021/5/31 0:00,2021/5/31 18:00,0,未定
10000000002,101410010,2.1053E+13,2021/5/31 0:00,2021/5/31 18:00,0,未定
10000000004,101410010,2.1053E+13,2021/5/31 0:00,2021/5/31 18:00,0,未定
10000000006,101410010,2.1053E+13,2021/5/31 0:00,2021/5/31 18:00,0,未定
10000000007,101410010,2.1053E+13,2021/5/31 0:00,2021/5/31 18:00,0,未定
10000000008,101410010,2.1053E+13,2021/5/31 0:00,2021/5/31 18:00,0,未定
600000,101410023,2.1053E+13,2021/5/31 0:00,2021/5/31 18:00,0,2800
3370000,101410023,2.1053E+13,2021/5/31 0:00,2021/5/31 18:00,0,2700
10000000001,101410023,2.1053E+13,2021/5/31 0:00,2021/5/31 18:00,0,2700
10000000002,101410023,2.1053E+13,2021/5/31 0:00,2021/5/31 18:00,0,2800
10000000004,101410023,2.1053E+13,2021/5/31 0:00,2021/5/31 18:00,0,2900
10000000006,101410023,2.1053E+13,2021/5/31 0:00,2021/5/31 18:00,0,2900
10000000007,101410023,2.1053E+13,2021/5/31 0:00,2021/5/31 18:00,0,2755
10000000008,101410023,2.1053E+13,2021/5/31 0:00,2021/5/31 18:00,0,2610
600000,101410281,2.10526E+13,2021/5/31 0:00,2021/5/31 18:00,0,未定
3370000,101410281,2.10526E+13,2021/5/31 0:00,2021/5/31 18:00,0,未定
10000000001,101410281,2.10526E+13,2021/5/31 0:00,2021/5/31 18:00,0,未定
10000000002,101410281,2.10526E+13,2021/5/31 0:00,2021/5/31 18:00,0,未定
10000000004,101410281,2.10526E+13,2021/5/31 0:00,2021/5/31 18:00,0,未定
10000000006,101410281,2.10526E+13,2021/5/31 0:00,2021/5/31 18:00,0,未定
10000000007,101410281,2.10526E+13,2021/5/31 0:00,2021/5/31 18:00,0,未定
10000000008,101410281,2.10526E+13,2021/5/31 0:00,2021/5/31 18:00,0,未定
600000,101410320,2.1053E+13,2021/5/31 0:00,2021/5/31 18:00,0,550
3370000,101410320,2.1053E+13,2021/5/31 0:00,2021/5/31 18:00,0,500
10000000001,101410320,2.1053E+13,2021/5/31 0:00,2021/5/31 18:00,0,500
10000000002,101410320,2.1053E+13,2021/5/31 0:00,2021/5/31 18:00,0,550
10000000004,101410320,2.1053E+13,2021/5/31 0:00,2021/5/31 18:00,0,650
10000000006,101410320,2.1053E+13,2021/5/31 0:00,2021/5/31 18:00,0,650
10000000007,101410320,2.1053E+13,2021/5/31 0:00,2021/5/31 18:00,0,617
10000000008,101410320,2.1053E+13,2021/5/31 0:00,2021/5/31 18:00,0,585
600000,101600201,101600201,2021/5/31 0:00,2021/5/31 18:00,0,300
3370000,101600201,101600201,2021/5/31 0:00,2021/5/31 18:00,0,300
10000000001,101600201,101600201,2021/5/31 0:00,2021/5/31 18:00,0,300
10000000002,101600201,101600201,2021/5/31 0:00,2021/5/31 18:00,0,300
10000000004,101600201,101600201,2021/5/31 0:00,2021/5/31 18:00,0,400
10000000006,101600201,101600201,2021/5/31 0:00,2021/5/31 18:00,0,400
10000000007,101600201,101600201,2021/5/31 0:00,2021/5/31 18:00,0,380
10000000008,101600201,101600201,2021/5/31 0:00,2021/5/31 18:00,0,360
600000,101602003,101602003,2021/5/31 0:00,2021/5/31 18:00,0,300
3370000,101602003,101602003,2021/5/31 0:00,2021/5/31 18:00,0,300
10000000001,101602003,101602003,2021/5/31 0:00,2021/5/31 18:00,0,300
10000000002,101602003,101602003,2021/5/31 0:00,2021/5/31 18:00,0,300
10000000004,101602003,101602003,2021/5/31 0:00,2021/5/31 18:00,0,400
10000000006,101602003,101602003,2021/5/31 0:00,2021/5/31 18:00,0,400
10000000007,101602003,101602003,2021/5/31 0:00,2021/5/31 18:00,0,380
10000000008,101602003,101602003,2021/5/31 0:00,2021/5/31 18:00,0,360
600000,101602005,101602005,2021/5/31 0:00,2021/5/31 18:00,0,500
3370000,101602005,101602005,2021/5/31 0:00,2021/5/31 18:00,0,500
10000000001,101602005,101602005,2021/5/31 0:00,2021/5/31 18:00,0,500
10000000002,101602005,101602005,2021/5/31 0:00,2021/5/31 18:00,0,500
10000000004,101602005,101602005,2021/5/31 0:00,2021/5/31 18:00,0,600
10000000006,101602005,101602005,2021/5/31 0:00,2021/5/31 18:00,0,600
10000000007,101602005,101602005,2021/5/31 0:00,2021/5/31 18:00,0,570
10000000008,101602005,101602005,2021/5/31 0:00,2021/5/31 18:00,0,540
600000,101602201,101602201,2021/5/31 0:00,2021/5/31 18:00,0,300
3370000,101602201,101602201,2021/5/31 0:00,2021/5/31 18:00,0,300
10000000001,101602201,101602201,2021/5/31 0:00,2021/5/31 18:00,0,300
10000000002,101602201,101602201,2021/5/31 0:00,2021/5/31 18:00,0,300
10000000004,101602201,101602201,2021/5/31 0:00,2021/5/31 18:00,0,400
10000000006,101602201,101602201,2021/5/31 0:00,2021/5/31 18:00,0,400
10000000007,101602201,101602201,2021/5/31 0:00,2021/5/31 18:00,0,380
10000000008,101602201,101602201,2021/5/31 0:00,2021/5/31 18:00,0,360
600000,101603101,101603101,2021/5/31 0:00,2021/5/31 18:00,0,600
3370000,101603101,101603101,2021/5/31 0:00,2021/5/31 18:00,0,600
10000000001,101603101,101603101,2021/5/31 0:00,2021/5/31 18:00,0,600
10000000002,101603101,101603101,2021/5/31 0:00,2021/5/31 18:00,0,600
10000000004,101603101,101603101,2021/5/31 0:00,2021/5/31 18:00,0,700
10000000006,101603101,101603101,2021/5/31 0:00,2021/5/31 18:00,0,700
10000000007,101603101,101603101,2021/5/31 0:00,2021/5/31 18:00,0,665
10000000008,101603101,101603101,2021/5/31 0:00,2021/5/31 18:00,0,630
600000,101603301,101603301,2021/5/31 0:00,2021/5/31 18:00,0,600
3370000,101603301,101603301,2021/5/31 0:00,2021/5/31 18:00,0,600
10000000001,101603301,101603301,2021/5/31 0:00,2021/5/31 18:00,0,600
10000000002,101603301,101603301,2021/5/31 0:00,2021/5/31 18:00,0,600
10000000004,101603301,101603301,2021/5/31 0:00,2021/5/31 18:00,0,700
10000000006,101603301,101603301,2021/5/31 0:00,2021/5/31 18:00,0,700
10000000007,101603301,101603301,2021/5/31 0:00,2021/5/31 18:00,0,665
10000000008,101603301,101603301,2021/5/31 0:00,2021/5/31 18:00,0,630
600000,101610701,101610701,2021/5/31 0:00,2021/5/31 18:00,0,600
3370000,101610701,101610701,2021/5/31 0:00,2021/5/31 18:00,0,600
10000000001,101610701,101610701,2021/5/31 0:00,2021/5/31 18:00,0,600
10000000002,101610701,101610701,2021/5/31 0:00,2021/5/31 18:00,0,600
10000000004,101610701,101610701,2021/5/31 0:00,2021/5/31 18:00,0,700
10000000006,101610701,101610701,2021/5/31 0:00,2021/5/31 18:00,0,700
10000000007,101610701,101610701,2021/5/31 0:00,2021/5/31 18:00,0,665
10000000008,101610701,101610701,2021/5/31 0:00,2021/5/31 18:00,0,630
600000,101822222,2.1053E+13,2021/5/31 0:00,2021/5/31 18:00,0,350
3370000,101822222,2.1053E+13,2021/5/31 0:00,2021/5/31 18:00,0,350
10000000001,101822222,2.1053E+13,2021/5/31 0:00,2021/5/31 18:00,0,350
10000000002,101822222,2.1053E+13,2021/5/31 0:00,2021/5/31 18:00,0,350
10000000004,101822222,2.1053E+13,2021/5/31 0:00,2021/5/31 18:00,0,450
10000000006,101822222,2.1053E+13,2021/5/31 0:00,2021/5/31 18:00,0,450
10000000007,101822222,2.1053E+13,2021/5/31 0:00,2021/5/31 18:00,0,427
10000000008,101822222,2.1053E+13,2021/5/31 0:00,2021/5/31 18:00,0,405
600000,301000147,2.00831E+13,2021/5/31 0:00,2021/5/31 18:00,0,850
3370000,301000147,2.00831E+13,2021/5/31 0:00,2021/5/31 18:00,0,850
10000000001,301000147,2.00831E+13,2021/5/31 0:00,2021/5/31 18:00,0,850
10000000002,301000147,2.00831E+13,2021/5/31 0:00,2021/5/31 18:00,0,850
10000000004,301000147,2.00831E+13,2021/5/31 0:00,2021/5/31 18:00,0,950
10000000006,301000147,2.00831E+13,2021/5/31 0:00,2021/5/31 18:00,0,950
10000000007,301000147,2.00831E+13,2021/5/31 0:00,2021/5/31 18:00,0,902
10000000008,301000147,2.00831E+13,2021/5/31 0:00,2021/5/31 18:00,0,855
600000,301002644,2.10529E+13,2021/5/31 0:00,2021/5/31 18:00,0,900
3370000,301002644,2.10529E+13,2021/5/31 0:00,2021/5/31 18:00,0,830
10000000001,301002644,2.10529E+13,2021/5/31 0:00,2021/5/31 18:00,0,900
10000000002,301002644,2.10529E+13,2021/5/31 0:00,2021/5/31 18:00,0,900
10000000004,301002644,2.10529E+13,2021/5/31 0:00,2021/5/31 18:00,0,1000
10000000006,301002644,2.10529E+13,2021/5/31 0:00,2021/5/31 18:00,0,1000
10000000007,301002644,2.10529E+13,2021/5/31 0:00,2021/5/31 18:00,0,950
10000000008,301002644,2.10529E+13,2021/5/31 0:00,2021/5/31 18:00,0,900
600000,301002653,2.10528E+13,2021/5/31 0:00,2021/5/31 18:00,0,3800
3370000,301002653,2.10528E+13,2021/5/31 0:00,2021/5/31 18:00,0,3800
10000000001,301002653,2.10528E+13,2021/5/31 0:00,2021/5/31 18:00,0,3800
10000000002,301002653,2.10528E+13,2021/5/31 0:00,2021/5/31 18:00,0,3800
10000000004,301002653,2.10528E+13,2021/5/31 0:00,2021/5/31 18:00,0,3900
10000000006,301002653,2.10528E+13,2021/5/31 0:00,2021/5/31 18:00,0,3900
10000000007,301002653,2.10528E+13,2021/5/31 0:00,2021/5/31 18:00,0,3705
10000000008,301002653,2.10528E+13,2021/5/31 0:00,2021/5/31 18:00,0,3510
600000,301003038,2.00308E+13,2021/5/31 0:00,2021/5/31 18:00,0,3400
3370000,301003038,2.00308E+13,2021/5/31 0:00,2021/5/31 18:00,0,3300
10000000001,301003038,2.00308E+13,2021/5/31 0:00,2021/5/31 18:00,0,3300
10000000002,301003038,2.00308E+13,2021/5/31 0:00,2021/5/31 18:00,0,3400
10000000004,301003038,2.00308E+13,2021/5/31 0:00,2021/5/31 18:00,0,3500
10000000006,301003038,2.00308E+13,2021/5/31 0:00,2021/5/31 18:00,0,3500
10000000007,301003038,2.00308E+13,2021/5/31 0:00,2021/5/31 18:00,0,3325
10000000008,301003038,2.00308E+13,2021/5/31 0:00,2021/5/31 18:00,0,3150
600000,301003202,2.0081E+13,2021/5/31 0:00,2021/5/31 18:00,0,6400
3370000,301003202,2.0081E+13,2021/5/31 0:00,2021/5/31 18:00,0,6200
10000000001,301003202,2.0081E+13,2021/5/31 0:00,2021/5/31 18:00,0,6200
10000000002,301003202,2.0081E+13,2021/5/31 0:00,2021/5/31 18:00,0,6400
10000000004,301003202,2.0081E+13,2021/5/31 0:00,2021/5/31 18:00,0,6500
10000000006,301003202,2.0081E+13,2021/5/31 0:00,2021/5/31 18:00,0,6500
10000000007,301003202,2.0081E+13,2021/5/31 0:00,2021/5/31 18:00,0,6175
10000000008,301003202,2.0081E+13,2021/5/31 0:00,2021/5/31 18:00,0,5850
600000,301003533,2.10527E+13,2021/5/31 0:00,2021/5/31 18:00,0,1500
3370000,301003533,2.10527E+13,2021/5/31 0:00,2021/5/31 18:00,0,1500
10000000001,301003533,2.10527E+13,2021/5/31 0:00,2021/5/31 18:00,0,1500
10000000002,301003533,2.10527E+13,2021/5/31 0:00,2021/5/31 18:00,0,1500
10000000004,301003533,2.10527E+13,2021/5/31 0:00,2021/5/31 18:00,0,1600
10000000006,301003533,2.10527E+13,2021/5/31 0:00,2021/5/31 18:00,0,1600
10000000007,301003533,2.10527E+13,2021/5/31 0:00,2021/5/31 18:00,0,1520
10000000008,301003533,2.10527E+13,2021/5/31 0:00,2021/5/31 18:00,0,1440
600000,301004515,2.10309E+13,2021/5/31 0:00,2021/5/31 18:00,0,850
3370000,301004515,2.10309E+13,2021/5/31 0:00,2021/5/31 18:00,0,850
10000000001,301004515,2.10309E+13,2021/5/31 0:00,2021/5/31 18:00,0,850
10000000002,301004515,2.10309E+13,2021/5/31 0:00,2021/5/31 18:00,0,850
10000000004,301004515,2.10309E+13,2021/5/31 0:00,2021/5/31 18:00,0,950
10000000006,301004515,2.10309E+13,2021/5/31 0:00,2021/5/31 18:00,0,950
10000000007,301004515,2.10309E+13,2021/5/31 0:00,2021/5/31 18:00,0,902
10000000008,301004515,2.10309E+13,2021/5/31 0:00,2021/5/31 18:00,0,855
600000,301412126,2.10529E+13,2021/5/31 0:00,2021/5/31 18:00,0,2000
3370000,301412126,2.10529E+13,2021/5/31 0:00,2021/5/31 18:00,0,1600
10000000001,301412126,2.10529E+13,2021/5/31 0:00,2021/5/31 18:00,0,1800
10000000002,301412126,2.10529E+13,2021/5/31 0:00,2021/5/31 18:00,0,2000
10000000004,301412126,2.10529E+13,2021/5/31 0:00,2021/5/31 18:00,0,2100
10000000006,301412126,2.10529E+13,2021/5/31 0:00,2021/5/31 18:00,0,2100
10000000007,301412126,2.10529E+13,2021/5/31 0:00,2021/5/31 18:00,0,1995
10000000008,301412126,2.10529E+13,2021/5/31 0:00,2021/5/31 18:00,0,1890
600000,301412142,2.1053E+13,2021/5/31 0:00,2021/5/31 18:00,0,2050
3370000,301412142,2.1053E+13,2021/5/31 0:00,2021/5/31 18:00,0,1950
10000000001,301412142,2.1053E+13,2021/5/31 0:00,2021/5/31 18:00,0,2000
10000000002,301412142,2.1053E+13,2021/5/31 0:00,2021/5/31 18:00,0,2050
10000000004,301412142,2.1053E+13,2021/5/31 0:00,2021/5/31 18:00,0,2150
10000000006,301412142,2.1053E+13,2021/5/31 0:00,2021/5/31 18:00,0,2150
10000000007,301412142,2.1053E+13,2021/5/31 0:00,2021/5/31 18:00,0,2042
10000000008,301412142,2.1053E+13,2021/5/31 0:00,2021/5/31 18:00,0,1935
600000,301414015,2.1053E+13,2021/5/31 0:00,2021/5/31 18:00,0,3400
3370000,301414015,2.1053E+13,2021/5/31 0:00,2021/5/31 18:00,0,2900
10000000001,301414015,2.1053E+13,2021/5/31 0:00,2021/5/31 18:00,0,3200
10000000002,301414015,2.1053E+13,2021/5/31 0:00,2021/5/31 18:00,0,3400
10000000004,301414015,2.1053E+13,2021/5/31 0:00,2021/5/31 18:00,0,3500
10000000006,301414015,2.1053E+13,2021/5/31 0:00,2021/5/31 18:00,0,3500
10000000007,301414015,2.1053E+13,2021/5/31 0:00,2021/5/31 18:00,0,3325
10000000008,301414015,2.1053E+13,2021/5/31 0:00,2021/5/31 18:00,0,3150
600000,301421246,2.1053E+13,2021/5/31 0:00,2021/5/31 18:00,0,未定
3370000,301421246,2.1053E+13,2021/5/31 0:00,2021/5/31 18:00,0,未定
10000000001,301421246,2.1053E+13,2021/5/31 0:00,2021/5/31 18:00,0,未定
10000000002,301421246,2.1053E+13,2021/5/31 0:00,2021/5/31 18:00,0,未定
10000000004,301421246,2.1053E+13,2021/5/31 0:00,2021/5/31 18:00,0,未定
10000000006,301421246,2.1053E+13,2021/5/31 0:00,2021/5/31 18:00,0,未定
10000000007,301421246,2.1053E+13,2021/5/31 0:00,2021/5/31 18:00,0,未定
10000000008,301421246,2.1053E+13,2021/5/31 0:00,2021/5/31 18:00,0,未定
600000,301445196,2.1053E+13,2021/5/31 0:00,2021/5/31 18:00,0,1010
3370000,301445196,2.1053E+13,2021/5/31 0:00,2021/5/31 18:00,0,960
10000000001,301445196,2.1053E+13,2021/5/31 0:00,2021/5/31 18:00,0,960
10000000002,301445196,2.1053E+13,2021/5/31 0:00,2021/5/31 18:00,0,1010
10000000004,301445196,2.1053E+13,2021/5/31 0:00,2021/5/31 18:00,0,1110
10000000006,301445196,2.1053E+13,2021/5/31 0:00,2021/5/31 18:00,0,1110
10000000007,301445196,2.1053E+13,2021/5/31 0:00,2021/5/31 18:00,0,1054
10000000008,301445196,2.1053E+13,2021/5/31 0:00,2021/5/31 18:00,0,999
600000,301448015,2.10528E+13,2021/5/31 0:00,2021/5/31 18:00,0,1010
3370000,301448015,2.10528E+13,2021/5/31 0:00,2021/5/31 18:00,0,960
10000000001,301448015,2.10528E+13,2021/5/31 0:00,2021/5/31 18:00,0,960
10000000002,301448015,2.10528E+13,2021/5/31 0:00,2021/5/31 18:00,0,1010
10000000004,301448015,2.10528E+13,2021/5/31 0:00,2021/5/31 18:00,0,1110
10000000006,301448015,2.10528E+13,2021/5/31 0:00,2021/5/31 18:00,0,1110
10000000007,301448015,2.10528E+13,2021/5/31 0:00,2021/5/31 18:00,0,1054
10000000008,301448015,2.10528E+13,2021/5/31 0:00,2021/5/31 18:00,0,999
600000,301451317,2.1053E+13,2021/5/31 0:00,2021/5/31 18:00,0,3800
3370000,301451317,2.1053E+13,2021/5/31 0:00,2021/5/31 18:00,0,3700
10000000001,301451317,2.1053E+13,2021/5/31 0:00,2021/5/31 18:00,0,3700
10000000002,301451317,2.1053E+13,2021/5/31 0:00,2021/5/31 18:00,0,3800
10000000004,301451317,2.1053E+13,2021/5/31 0:00,2021/5/31 18:00,0,3900
10000000006,301451317,2.1053E+13,2021/5/31 0:00,2021/5/31 18:00,0,3900
10000000007,301451317,2.1053E+13,2021/5/31 0:00,2021/5/31 18:00,0,3705
10000000008,301451317,2.1053E+13,2021/5/31 0:00,2021/5/31 18:00,0,3510
600000,301452037,2.1053E+13,2021/5/31 0:00,2021/5/31 18:00,0,6500
3370000,301452037,2.1053E+13,2021/5/31 0:00,2021/5/31 18:00,0,6400
10000000001,301452037,2.1053E+13,2021/5/31 0:00,2021/5/31 18:00,0,6400
10000000002,301452037,2.1053E+13,2021/5/31 0:00,2021/5/31 18:00,0,6500
10000000004,301452037,2.1053E+13,2021/5/31 0:00,2021/5/31 18:00,0,6600
10000000006,301452037,2.1053E+13,2021/5/31 0:00,2021/5/31 18:00,0,6600
10000000007,301452037,2.1053E+13,2021/5/31 0:00,2021/5/31 18:00,0,6270
10000000008,301452037,2.1053E+13,2021/5/31 0:00,2021/5/31 18:00,0,5940
600000,301452068,2.1053E+13,2021/5/31 0:00,2021/5/31 18:00,0,未定
3370000,301452068,2.1053E+13,2021/5/31 0:00,2021/5/31 18:00,0,未定
10000000001,301452068,2.1053E+13,2021/5/31 0:00,2021/5/31 18:00,0,未定
10000000002,301452068,2.1053E+13,2021/5/31 0:00,2021/5/31 18:00,0,未定
10000000004,301452068,2.1053E+13,2021/5/31 0:00,2021/5/31 18:00,0,未定
10000000006,301452068,2.1053E+13,2021/5/31 0:00,2021/5/31 18:00,0,未定
10000000007,301452068,2.1053E+13,2021/5/31 0:00,2021/5/31 18:00,0,未定
10000000008,301452068,2.1053E+13,2021/5/31 0:00,2021/5/31 18:00,0,未定
600000,301471219,2.1053E+13,2021/5/31 0:00,2021/5/31 18:00,0,2500
3370000,301471219,2.1053E+13,2021/5/31 0:00,2021/5/31 18:00,0,2200
10000000001,301471219,2.1053E+13,2021/5/31 0:00,2021/5/31 18:00,0,2400
10000000002,301471219,2.1053E+13,2021/5/31 0:00,2021/5/31 18:00,0,2500
10000000004,301471219,2.1053E+13,2021/5/31 0:00,2021/5/31 18:00,0,2600
10000000006,301471219,2.1053E+13,2021/5/31 0:00,2021/5/31 18:00,0,2600
10000000007,301471219,2.1053E+13,2021/5/31 0:00,2021/5/31 18:00,0,2470
10000000008,301471219,2.1053E+13,2021/5/31 0:00,2021/5/31 18:00,0,2340
600000,301484503,2.1053E+13,2021/5/31 0:00,2021/5/31 18:00,0,700
3370000,301484503,2.1053E+13,2021/5/31 0:00,2021/5/31 18:00,0,650
10000000001,301484503,2.1053E+13,2021/5/31 0:00,2021/5/31 18:00,0,650
10000000002,301484503,2.1053E+13,2021/5/31 0:00,2021/5/31 18:00,0,700
10000000004,301484503,2.1053E+13,2021/5/31 0:00,2021/5/31 18:00,0,800
10000000006,301484503,2.1053E+13,2021/5/31 0:00,2021/5/31 18:00,0,800
10000000007,301484503,2.1053E+13,2021/5/31 0:00,2021/5/31 18:00,0,760
10000000008,301484503,2.1053E+13,2021/5/31 0:00,2021/5/31 18:00,0,720
600000,301493001,2.1053E+13,2021/5/31 0:00,2021/5/31 18:00,0,未定
3370000,301493001,2.1053E+13,2021/5/31 0:00,2021/5/31 18:00,0,未定
10000000001,301493001,2.1053E+13,2021/5/31 0:00,2021/5/31 18:00,0,未定
10000000002,301493001,2.1053E+13,2021/5/31 0:00,2021/5/31 18:00,0,未定
10000000004,301493001,2.1053E+13,2021/5/31 0:00,2021/5/31 18:00,0,未定
10000000006,301493001,2.1053E+13,2021/5/31 0:00,2021/5/31 18:00,0,未定
10000000007,301493001,2.1053E+13,2021/5/31 0:00,2021/5/31 18:00,0,未定
10000000008,301493001,2.1053E+13,2021/5/31 0:00,2021/5/31 18:00,0,未定
600000,301495006,2.10526E+13,2021/5/31 0:00,2021/5/31 18:00,0,未定
3370000,301495006,2.10526E+13,2021/5/31 0:00,2021/5/31 18:00,0,未定
10000000001,301495006,2.10526E+13,2021/5/31 0:00,2021/5/31 18:00,0,未定
10000000002,301495006,2.10526E+13,2021/5/31 0:00,2021/5/31 18:00,0,未定
10000000004,301495006,2.10526E+13,2021/5/31 0:00,2021/5/31 18:00,0,未定
10000000006,301495006,2.10526E+13,2021/5/31 0:00,2021/5/31 18:00,0,未定
10000000007,301495006,2.10526E+13,2021/5/31 0:00,2021/5/31 18:00,0,未定
10000000008,301495006,2.10526E+13,2021/5/31 0:00,2021/5/31 18:00,0,未定
3370000,301650085,2.10529E+13,2021/5/31 0:00,2021/5/31 18:00,0,2100
10000000001,301650085,2.10529E+13,2021/5/31 0:00,2021/5/31 18:00,0,2100
10000000002,301650085,2.10529E+13,2021/5/31 0:00,2021/5/31 18:00,0,2100
10000000004,301650085,2.10529E+13,2021/5/31 0:00,2021/5/31 18:00,0,2200
10000000006,301650085,2.10529E+13,2021/5/31 0:00,2021/5/31 18:00,0,2200
10000000007,301650085,2.10529E+13,2021/5/31 0:00,2021/5/31 18:00,0,2090
10000000008,301650085,2.10529E+13,2021/5/31 0:00,2021/5/31 18:00,0,1980
600000,301800100,2.10529E+13,2021/5/31 0:00,2021/5/31 18:00,0,320
3370000,301800100,2.10529E+13,2021/5/31 0:00,2021/5/31 18:00,0,320
10000000001,301800100,2.10529E+13,2021/5/31 0:00,2021/5/31 18:00,0,320
10000000002,301800100,2.10529E+13,2021/5/31 0:00,2021/5/31 18:00,0,320
10000000004,301800100,2.10529E+13,2021/5/31 0:00,2021/5/31 18:00,0,420
10000000006,301800100,2.10529E+13,2021/5/31 0:00,2021/5/31 18:00,0,420
10000000007,301800100,2.10529E+13,2021/5/31 0:00,2021/5/31 18:00,0,399
10000000008,301800100,2.10529E+13,2021/5/31 0:00,2021/5/31 18:00,0,378
600000,301800103,2.10529E+13,2021/5/31 0:00,2021/5/31 18:00,0,1700
3370000,301800103,2.10529E+13,2021/5/31 0:00,2021/5/31 18:00,0,1700
10000000001,301800103,2.10529E+13,2021/5/31 0:00,2021/5/31 18:00,0,1700
10000000002,301800103,2.10529E+13,2021/5/31 0:00,2021/5/31 18:00,0,1700
10000000004,301800103,2.10529E+13,2021/5/31 0:00,2021/5/31 18:00,0,1800
10000000006,301800103,2.10529E+13,2021/5/31 0:00,2021/5/31 18:00,0,1800
10000000007,301800103,2.10529E+13,2021/5/31 0:00,2021/5/31 18:00,0,1710
10000000008,301800103,2.10529E+13,2021/5/31 0:00,2021/5/31 18:00,0,1620
600000,301800466,2.10529E+13,2021/5/31 0:00,2021/5/31 18:00,0,1000
3370000,301800466,2.10529E+13,2021/5/31 0:00,2021/5/31 18:00,0,1000
10000000001,301800466,2.10529E+13,2021/5/31 0:00,2021/5/31 18:00,0,1000
10000000002,301800466,2.10529E+13,2021/5/31 0:00,2021/5/31 18:00,0,1000
10000000004,301800466,2.10529E+13,2021/5/31 0:00,2021/5/31 18:00,0,1100
10000000006,301800466,2.10529E+13,2021/5/31 0:00,2021/5/31 18:00,0,1100
10000000007,301800466,2.10529E+13,2021/5/31 0:00,2021/5/31 18:00,0,1045
10000000008,301800466,2.10529E+13,2021/5/31 0:00,2021/5/31 18:00,0,990
600000,301800553,2.10529E+13,2021/5/31 0:00,2021/5/31 18:00,0,1700
3370000,301800553,2.10529E+13,2021/5/31 0:00,2021/5/31 18:00,0,1700
10000000001,301800553,2.10529E+13,2021/5/31 0:00,2021/5/31 18:00,0,1700
10000000002,301800553,2.10529E+13,2021/5/31 0:00,2021/5/31 18:00,0,1700
10000000003,301800553,2.10529E+13,2021/5/31 0:00,2021/5/31 18:00,0,1500
10000000004,301800553,2.10529E+13,2021/5/31 0:00,2021/5/31 18:00,0,1800
10000000005,301800553,2.10529E+13,2021/5/31 0:00,2021/5/31 18:00,0,1500
10000000006,301800553,2.10529E+13,2021/5/31 0:00,2021/5/31 18:00,0,1800
10000000007,301800553,2.10529E+13,2021/5/31 0:00,2021/5/31 18:00,0,1710
10000000008,301800553,2.10529E+13,2021/5/31 0:00,2021/5/31 18:00,0,1620
600000,301800707,2.10525E+13,2021/5/31 0:00,2021/5/31 18:00,0,3600
3370000,301800707,2.10525E+13,2021/5/31 0:00,2021/5/31 18:00,0,3600
10000000001,301800707,2.10525E+13,2021/5/31 0:00,2021/5/31 18:00,0,3600
10000000002,301800707,2.10525E+13,2021/5/31 0:00,2021/5/31 18:00,0,3600
10000000004,301800707,2.10525E+13,2021/5/31 0:00,2021/5/31 18:00,0,3700
10000000006,301800707,2.10525E+13,2021/5/31 0:00,2021/5/31 18:00,0,3700
10000000007,301800707,2.10525E+13,2021/5/31 0:00,2021/5/31 18:00,0,3515
10000000008,301800707,2.10525E+13,2021/5/31 0:00,2021/5/31 18:00,0,3330
600000,301800860,2.10525E+13,2021/5/31 0:00,2021/5/31 18:00,0,2800
3370000,301800860,2.10525E+13,2021/5/31 0:00,2021/5/31 18:00,0,2800
10000000001,301800860,2.10525E+13,2021/5/31 0:00,2021/5/31 18:00,0,2800
10000000002,301800860,2.10525E+13,2021/5/31 0:00,2021/5/31 18:00,0,2800
10000000004,301800860,2.10525E+13,2021/5/31 0:00,2021/5/31 18:00,0,2900
10000000006,301800860,2.10525E+13,2021/5/31 0:00,2021/5/31 18:00,0,2900
10000000007,301800860,2.10525E+13,2021/5/31 0:00,2021/5/31 18:00,0,2755
10000000008,301800860,2.10525E+13,2021/5/31 0:00,2021/5/31 18:00,0,2610
600000,301800862,2.10529E+13,2021/5/31 0:00,2021/5/31 18:00,0,3500
3370000,301800862,2.10529E+13,2021/5/31 0:00,2021/5/31 18:00,0,3500
10000000001,301800862,2.10529E+13,2021/5/31 0:00,2021/5/31 18:00,0,3500
10000000002,301800862,2.10529E+13,2021/5/31 0:00,2021/5/31 18:00,0,3500
10000000004,301800862,2.10529E+13,2021/5/31 0:00,2021/5/31 18:00,0,3600
10000000006,301800862,2.10529E+13,2021/5/31 0:00,2021/5/31 18:00,0,3600
10000000007,301800862,2.10529E+13,2021/5/31 0:00,2021/5/31 18:00,0,3420
10000000008,301800862,2.10529E+13,2021/5/31 0:00,2021/5/31 18:00,0,3240
600000,301800863,2.10529E+13,2021/5/31 0:00,2021/5/31 18:00,0,2500
3370000,301800863,2.10529E+13,2021/5/31 0:00,2021/5/31 18:00,0,2500
10000000001,301800863,2.10529E+13,2021/5/31 0:00,2021/5/31 18:00,0,2500
10000000002,301800863,2.10529E+13,2021/5/31 0:00,2021/5/31 18:00,0,2500
10000000004,301800863,2.10529E+13,2021/5/31 0:00,2021/5/31 18:00,0,2600
10000000006,301800863,2.10529E+13,2021/5/31 0:00,2021/5/31 18:00,0,2600
10000000007,301800863,2.10529E+13,2021/5/31 0:00,2021/5/31 18:00,0,2470
10000000008,301800863,2.10529E+13,2021/5/31 0:00,2021/5/31 18:00,0,2340
600000,301800925,2.10529E+13,2021/5/31 0:00,2021/5/31 18:00,0,450
3370000,301800925,2.10529E+13,2021/5/31 0:00,2021/5/31 18:00,0,450
10000000001,301800925,2.10529E+13,2021/5/31 0:00,2021/5/31 18:00,0,450
10000000002,301800925,2.10529E+13,2021/5/31 0:00,2021/5/31 18:00,0,450
10000000004,301800925,2.10529E+13,2021/5/31 0:00,2021/5/31 18:00,0,550
10000000006,301800925,2.10529E+13,2021/5/31 0:00,2021/5/31 18:00,0,550
10000000007,301800925,2.10529E+13,2021/5/31 0:00,2021/5/31 18:00,0,522
10000000008,301800925,2.10529E+13,2021/5/31 0:00,2021/5/31 18:00,0,495
600000,303053511,2.10529E+13,2021/5/31 0:00,2021/5/31 18:00,0,2400
3370000,303053511,2.10529E+13,2021/5/31 0:00,2021/5/31 18:00,0,2400
10000000001,303053511,2.10529E+13,2021/5/31 0:00,2021/5/31 18:00,0,2400
10000000002,303053511,2.10529E+13,2021/5/31 0:00,2021/5/31 18:00,0,2400
10000000004,303053511,2.10529E+13,2021/5/31 0:00,2021/5/31 18:00,0,2500
10000000006,303053511,2.10529E+13,2021/5/31 0:00,2021/5/31 18:00,0,2500
10000000007,303053511,2.10529E+13,2021/5/31 0:00,2021/5/31 18:00,0,2375
10000000008,303053511,2.10529E+13,2021/5/31 0:00,2021/5/31 18:00,0,2250
600000,501013506,2.10518E+13,2021/5/31 0:00,2021/5/31 18:00,0,2280
3370000,501013506,2.10518E+13,2021/5/31 0:00,2021/5/31 18:00,0,2280
10000000001,501013506,2.10518E+13,2021/5/31 0:00,2021/5/31 18:00,0,2280
10000000002,501013506,2.10518E+13,2021/5/31 0:00,2021/5/31 18:00,0,2280
10000000004,501013506,2.10518E+13,2021/5/31 0:00,2021/5/31 18:00,0,2380
10000000006,501013506,2.10518E+13,2021/5/31 0:00,2021/5/31 18:00,0,2380
10000000007,501013506,2.10518E+13,2021/5/31 0:00,2021/5/31 18:00,0,2261
10000000008,501013506,2.10518E+13,2021/5/31 0:00,2021/5/31 18:00,0,2142
600000,501013507,2.10529E+13,2021/5/31 0:00,2021/5/31 18:00,0,650
3370000,501013507,2.10529E+13,2021/5/31 0:00,2021/5/31 18:00,0,650
10000000001,501013507,2.10529E+13,2021/5/31 0:00,2021/5/31 18:00,0,650
10000000002,501013507,2.10529E+13,2021/5/31 0:00,2021/5/31 18:00,0,650
10000000004,501013507,2.10529E+13,2021/5/31 0:00,2021/5/31 18:00,0,750
10000000006,501013507,2.10529E+13,2021/5/31 0:00,2021/5/31 18:00,0,750
10000000007,501013507,2.10529E+13,2021/5/31 0:00,2021/5/31 18:00,0,712
10000000008,501013507,2.10529E+13,2021/5/31 0:00,2021/5/31 18:00,0,675
600000,501013509,2.10419E+13,2021/5/31 0:00,2021/5/31 18:00,0,850
3370000,501013509,2.10419E+13,2021/5/31 0:00,2021/5/31 18:00,0,850
10000000001,501013509,2.10419E+13,2021/5/31 0:00,2021/5/31 18:00,0,850
10000000002,501013509,2.10419E+13,2021/5/31 0:00,2021/5/31 18:00,0,850
10000000004,501013509,2.10419E+13,2021/5/31 0:00,2021/5/31 18:00,0,950
10000000006,501013509,2.10419E+13,2021/5/31 0:00,2021/5/31 18:00,0,950
10000000007,501013509,2.10419E+13,2021/5/31 0:00,2021/5/31 18:00,0,902
10000000008,501013509,2.10419E+13,2021/5/31 0:00,2021/5/31 18:00,0,855
10000000001,501014201,1122,2021/5/21 0:00,2021/5/21 17:00,0,900
10000000002,501014201,1122,2021/5/21 0:00,2021/5/21 17:00,0,900
10000000003,501014201,1122,2021/5/21 0:00,2021/5/21 17:00,0,900
10000000004,501014201,1122,2021/5/21 0:00,2021/5/21 17:00,0,900
10000000005,501014201,1122,2021/5/21 0:00,2021/5/21 17:00,0,900
10000000006,501014201,1122,2021/5/21 0:00,2021/5/21 17:00,0,900
10000000007,501014201,1122,2021/5/21 0:00,2021/5/21 17:00,0,900
10000000008,501014201,1122,2021/5/21 0:00,2021/5/21 17:00,0,900
600000,501800008,2.10528E+13,2021/5/31 0:00,2021/5/31 18:00,0,2750
3370000,501800008,2.10528E+13,2021/5/31 0:00,2021/5/31 18:00,0,2750
10000000001,501800008,2.10528E+13,2021/5/31 0:00,2021/5/31 18:00,0,2750
10000000002,501800008,2.10528E+13,2021/5/31 0:00,2021/5/31 18:00,0,2750
10000000004,501800008,2.10528E+13,2021/5/31 0:00,2021/5/31 18:00,0,2850
10000000006,501800008,2.10528E+13,2021/5/31 0:00,2021/5/31 18:00,0,2850
10000000007,501800008,2.10528E+13,2021/5/31 0:00,2021/5/31 18:00,0,2707
10000000008,501800008,2.10528E+13,2021/5/31 0:00,2021/5/31 18:00,0,2565
10000000001,505068798,1122,2021/5/21 0:00,2021/5/21 17:00,0,900
10000000002,505068798,1122,2021/5/21 0:00,2021/5/21 17:00,0,900
10000000003,505068798,1122,2021/5/21 0:00,2021/5/21 17:00,0,900
10000000004,505068798,1122,2021/5/21 0:00,2021/5/21 17:00,0,900
10000000005,505068798,1122,2021/5/21 0:00,2021/5/21 17:00,0,900
10000000006,505068798,1122,2021/5/21 0:00,2021/5/21 17:00,0,900
10000000007,505068798,1122,2021/5/21 0:00,2021/5/21 17:00,0,900
10000000008,505068798,1122,2021/5/21 0:00,2021/5/21 17:00,0,900
10000000001,505075056,1122,2021/5/21 0:00,2021/5/21 17:00,0,900
10000000002,505075056,1122,2021/5/21 0:00,2021/5/21 17:00,0,900
10000000003,505075056,1122,2021/5/21 0:00,2021/5/21 17:00,0,900
10000000004,505075056,1122,2021/5/21 0:00,2021/5/21 17:00,0,900
10000000005,505075056,1122,2021/5/21 0:00,2021/5/21 17:00,0,900
10000000006,505075056,1122,2021/5/21 0:00,2021/5/21 17:00,0,900
10000000007,505075056,1122,2021/5/21 0:00,2021/5/21 17:00,0,900
10000000008,505075056,1122,2021/5/21 0:00,2021/5/21 17:00,0,900
10000000001,505075057,1122,2021/5/21 0:00,2021/5/21 17:00,0,900
10000000002,505075057,1122,2021/5/21 0:00,2021/5/21 17:00,0,900
10000000003,505075057,1122,2021/5/21 0:00,2021/5/21 17:00,0,900
10000000004,505075057,1122,2021/5/21 0:00,2021/5/21 17:00,0,900
10000000005,505075057,1122,2021/5/21 0:00,2021/5/21 17:00,0,900
10000000006,505075057,1122,2021/5/21 0:00,2021/5/21 17:00,0,900
10000000007,505075057,1122,2021/5/21 0:00,2021/5/21 17:00,0,900
10000000008,505075057,1122,2021/5/21 0:00,2021/5/21 17:00,0,900
10000000001,505080744,1122,2021/5/21 0:00,2021/5/21 17:00,0,900
10000000002,505080744,1122,2021/5/21 0:00,2021/5/21 17:00,0,900
10000000003,505080744,1122,2021/5/21 0:00,2021/5/21 17:00,0,900
10000000004,505080744,1122,2021/5/21 0:00,2021/5/21 17:00,0,900
10000000005,505080744,1122,2021/5/21 0:00,2021/5/21 17:00,0,900
10000000006,505080744,1122,2021/5/21 0:00,2021/5/21 17:00,0,900
10000000007,505080744,1122,2021/5/21 0:00,2021/5/21 17:00,0,900
10000000008,505080744,1122,2021/5/21 0:00,2021/5/21 17:00,0,900
600000,701000128,2.1053E+13,2021/5/31 0:00,2021/5/31 18:00,0,5500
3370000,701000128,2.1053E+13,2021/5/31 0:00,2021/5/31 18:00,0,5400
10000000001,701000128,2.1053E+13,2021/5/31 0:00,2021/5/31 18:00,0,5400
10000000002,701000128,2.1053E+13,2021/5/31 0:00,2021/5/31 18:00,0,5500
10000000004,701000128,2.1053E+13,2021/5/31 0:00,2021/5/31 18:00,0,5600
10000000006,701000128,2.1053E+13,2021/5/31 0:00,2021/5/31 18:00,0,5600
10000000007,701000128,2.1053E+13,2021/5/31 0:00,2021/5/31 18:00,0,5320
10000000008,701000128,2.1053E+13,2021/5/31 0:00,2021/5/31 18:00,0,5040
600000,701000129,2.10415E+13,2021/5/31 0:00,2021/5/31 18:00,0,4700
3370000,701000129,2.10415E+13,2021/5/31 0:00,2021/5/31 18:00,0,4600
10000000001,701000129,2.10415E+13,2021/5/31 0:00,2021/5/31 18:00,0,4600
10000000002,701000129,2.10415E+13,2021/5/31 0:00,2021/5/31 18:00,0,4700
10000000004,701000129,2.10415E+13,2021/5/31 0:00,2021/5/31 18:00,0,4800
10000000006,701000129,2.10415E+13,2021/5/31 0:00,2021/5/31 18:00,0,4800
10000000007,701000129,2.10415E+13,2021/5/31 0:00,2021/5/31 18:00,0,4560
10000000008,701000129,2.10415E+13,2021/5/31 0:00,2021/5/31 18:00,0,4320
600000,701000157,2.10529E+13,2021/5/31 0:00,2021/5/31 18:00,0,1500
3370000,701000157,2.10529E+13,2021/5/31 0:00,2021/5/31 18:00,0,1500
10000000001,701000157,2.10529E+13,2021/5/31 0:00,2021/5/31 18:00,0,1500
10000000002,701000157,2.10529E+13,2021/5/31 0:00,2021/5/31 18:00,0,1500
10000000004,701000157,2.10529E+13,2021/5/31 0:00,2021/5/31 18:00,0,1600
10000000006,701000157,2.10529E+13,2021/5/31 0:00,2021/5/31 18:00,0,1600
10000000007,701000157,2.10529E+13,2021/5/31 0:00,2021/5/31 18:00,0,1520
10000000008,701000157,2.10529E+13,2021/5/31 0:00,2021/5/31 18:00,0,1440
600000,701000158,2.10529E+13,2021/5/31 0:00,2021/5/31 18:00,0,2200
3370000,701000158,2.10529E+13,2021/5/31 0:00,2021/5/31 18:00,0,2200
10000000001,701000158,2.10529E+13,2021/5/31 0:00,2021/5/31 18:00,0,2200
10000000002,701000158,2.10529E+13,2021/5/31 0:00,2021/5/31 18:00,0,2200
10000000004,701000158,2.10529E+13,2021/5/31 0:00,2021/5/31 18:00,0,2300
10000000006,701000158,2.10529E+13,2021/5/31 0:00,2021/5/31 18:00,0,2300
10000000007,701000158,2.10529E+13,2021/5/31 0:00,2021/5/31 18:00,0,2185
10000000008,701000158,2.10529E+13,2021/5/31 0:00,2021/5/31 18:00,0,2070
600000,701000159,2.10529E+13,2021/5/31 0:00,2021/5/31 18:00,0,2500
3370000,701000159,2.10529E+13,2021/5/31 0:00,2021/5/31 18:00,0,2500
10000000001,701000159,2.10529E+13,2021/5/31 0:00,2021/5/31 18:00,0,2500
10000000002,701000159,2.10529E+13,2021/5/31 0:00,2021/5/31 18:00,0,2500
10000000004,701000159,2.10529E+13,2021/5/31 0:00,2021/5/31 18:00,0,2600
10000000006,701000159,2.10529E+13,2021/5/31 0:00,2021/5/31 18:00,0,2600
10000000007,701000159,2.10529E+13,2021/5/31 0:00,2021/5/31 18:00,0,2470
10000000008,701000159,2.10529E+13,2021/5/31 0:00,2021/5/31 18:00,0,2340
600000,701000163,2.10522E+13,2021/5/31 0:00,2021/5/31 18:00,0,1650
3370000,701000163,2.10522E+13,2021/5/31 0:00,2021/5/31 18:00,0,1650
10000000001,701000163,2.10522E+13,2021/5/31 0:00,2021/5/31 18:00,0,1650
10000000002,701000163,2.10522E+13,2021/5/31 0:00,2021/5/31 18:00,0,1650
10000000004,701000163,2.10522E+13,2021/5/31 0:00,2021/5/31 18:00,0,1750
10000000006,701000163,2.10522E+13,2021/5/31 0:00,2021/5/31 18:00,0,1750
10000000007,701000163,2.10522E+13,2021/5/31 0:00,2021/5/31 18:00,0,1662
10000000008,701000163,2.10522E+13,2021/5/31 0:00,2021/5/31 18:00,0,1575
600000,701000195,2.10325E+13,2021/5/31 0:00,2021/5/31 18:00,0,6500
3370000,701000195,2.10325E+13,2021/5/31 0:00,2021/5/31 18:00,0,6400
10000000001,701000195,2.10325E+13,2021/5/31 0:00,2021/5/31 18:00,0,6400
10000000002,701000195,2.10325E+13,2021/5/31 0:00,2021/5/31 18:00,0,6500
10000000004,701000195,2.10325E+13,2021/5/31 0:00,2021/5/31 18:00,0,6600
10000000006,701000195,2.10325E+13,2021/5/31 0:00,2021/5/31 18:00,0,6600
10000000007,701000195,2.10325E+13,2021/5/31 0:00,2021/5/31 18:00,0,6270
10000000008,701000195,2.10325E+13,2021/5/31 0:00,2021/5/31 18:00,0,5940
600000,701000696,2.1053E+13,2021/5/31 0:00,2021/5/31 18:00,0,未定
3370000,701000696,2.1053E+13,2021/5/31 0:00,2021/5/31 18:00,0,未定
10000000001,701000696,2.1053E+13,2021/5/31 0:00,2021/5/31 18:00,0,未定
10000000002,701000696,2.1053E+13,2021/5/31 0:00,2021/5/31 18:00,0,未定
10000000004,701000696,2.1053E+13,2021/5/31 0:00,2021/5/31 18:00,0,未定
10000000006,701000696,2.1053E+13,2021/5/31 0:00,2021/5/31 18:00,0,未定
10000000007,701000696,2.1053E+13,2021/5/31 0:00,2021/5/31 18:00,0,未定
10000000008,701000696,2.1053E+13,2021/5/31 0:00,2021/5/31 18:00,0,未定
600000,701000764,2.10528E+13,2021/5/31 0:00,2021/5/31 18:00,0,2500
3370000,701000764,2.10528E+13,2021/5/31 0:00,2021/5/31 18:00,0,2500
10000000001,701000764,2.10528E+13,2021/5/31 0:00,2021/5/31 18:00,0,2500
10000000002,701000764,2.10528E+13,2021/5/31 0:00,2021/5/31 18:00,0,2500
10000000004,701000764,2.10528E+13,2021/5/31 0:00,2021/5/31 18:00,0,2600
10000000006,701000764,2.10528E+13,2021/5/31 0:00,2021/5/31 18:00,0,2600
10000000007,701000764,2.10528E+13,2021/5/31 0:00,2021/5/31 18:00,0,2470
10000000008,701000764,2.10528E+13,2021/5/31 0:00,2021/5/31 18:00,0,2340
600000,701001679,2.10528E+13,2021/5/31 0:00,2021/5/31 18:00,0,未定
3370000,701001679,2.10528E+13,2021/5/31 0:00,2021/5/31 18:00,0,未定
10000000001,701001679,2.10528E+13,2021/5/31 0:00,2021/5/31 18:00,0,未定
10000000002,701001679,2.10528E+13,2021/5/31 0:00,2021/5/31 18:00,0,未定
10000000004,701001679,2.10528E+13,2021/5/31 0:00,2021/5/31 18:00,0,未定
10000000006,701001679,2.10528E+13,2021/5/31 0:00,2021/5/31 18:00,0,未定
10000000007,701001679,2.10528E+13,2021/5/31 0:00,2021/5/31 18:00,0,未定
10000000008,701001679,2.10528E+13,2021/5/31 0:00,2021/5/31 18:00,0,未定
600000,701001796,2.10325E+13,2021/5/31 0:00,2021/5/31 18:00,0,6900
3370000,701001796,2.10325E+13,2021/5/31 0:00,2021/5/31 18:00,0,6800
10000000001,701001796,2.10325E+13,2021/5/31 0:00,2021/5/31 18:00,0,6800
10000000002,701001796,2.10325E+13,2021/5/31 0:00,2021/5/31 18:00,0,6900
10000000004,701001796,2.10325E+13,2021/5/31 0:00,2021/5/31 18:00,0,7000
10000000006,701001796,2.10325E+13,2021/5/31 0:00,2021/5/31 18:00,0,7000
10000000007,701001796,2.10325E+13,2021/5/31 0:00,2021/5/31 18:00,0,6650
10000000008,701001796,2.10325E+13,2021/5/31 0:00,2021/5/31 18:00,0,6300
600000,701002388,2.10529E+13,2021/5/31 0:00,2021/5/31 18:00,0,1500
3370000,701002388,2.10529E+13,2021/5/31 0:00,2021/5/31 18:00,0,1500
10000000001,701002388,2.10529E+13,2021/5/31 0:00,2021/5/31 18:00,0,1500
10000000002,701002388,2.10529E+13,2021/5/31 0:00,2021/5/31 18:00,0,1500
10000000004,701002388,2.10529E+13,2021/5/31 0:00,2021/5/31 18:00,0,1600
10000000006,701002388,2.10529E+13,2021/5/31 0:00,2021/5/31 18:00,0,1600
10000000007,701002388,2.10529E+13,2021/5/31 0:00,2021/5/31 18:00,0,1520
10000000008,701002388,2.10529E+13,2021/5/31 0:00,2021/5/31 18:00,0,1440
3370000,701050204,701050204,2021/5/31 0:00,2021/5/31 18:00,0,1150
10000000001,701050204,701050204,2021/5/31 0:00,2021/5/31 18:00,0,1150
10000000002,701050204,701050204,2021/5/31 0:00,2021/5/31 18:00,0,1150
10000000004,701050204,701050204,2021/5/31 0:00,2021/5/31 18:00,0,1250
10000000006,701050204,701050204,2021/5/31 0:00,2021/5/31 18:00,0,1250
10000000007,701050204,701050204,2021/5/31 0:00,2021/5/31 18:00,0,1187
10000000008,701050204,701050204,2021/5/31 0:00,2021/5/31 18:00,0,1125
3370000,701050205,701050205,2021/5/31 0:00,2021/5/31 18:00,0,1150
10000000001,701050205,701050205,2021/5/31 0:00,2021/5/31 18:00,0,1150
10000000002,701050205,701050205,2021/5/31 0:00,2021/5/31 18:00,0,1150
10000000004,701050205,701050205,2021/5/31 0:00,2021/5/31 18:00,0,1250
10000000006,701050205,701050205,2021/5/31 0:00,2021/5/31 18:00,0,1250
10000000007,701050205,701050205,2021/5/31 0:00,2021/5/31 18:00,0,1187
10000000008,701050205,701050205,2021/5/31 0:00,2021/5/31 18:00,0,1125
3370000,701050206,701050206,2021/5/31 0:00,2021/5/31 18:00,0,1150
10000000001,701050206,701050206,2021/5/31 0:00,2021/5/31 18:00,0,1150
10000000002,701050206,701050206,2021/5/31 0:00,2021/5/31 18:00,0,1150
10000000004,701050206,701050206,2021/5/31 0:00,2021/5/31 18:00,0,1250
10000000006,701050206,701050206,2021/5/31 0:00,2021/5/31 18:00,0,1250
10000000007,701050206,701050206,2021/5/31 0:00,2021/5/31 18:00,0,1187
10000000008,701050206,701050206,2021/5/31 0:00,2021/5/31 18:00,0,1125
3370000,701050207,701050207,2021/5/31 0:00,2021/5/31 18:00,0,1150
10000000001,701050207,701050207,2021/5/31 0:00,2021/5/31 18:00,0,1150
10000000002,701050207,701050207,2021/5/31 0:00,2021/5/31 18:00,0,1150
10000000004,701050207,701050207,2021/5/31 0:00,2021/5/31 18:00,0,1250
10000000006,701050207,701050207,2021/5/31 0:00,2021/5/31 18:00,0,1250
10000000007,701050207,701050207,2021/5/31 0:00,2021/5/31 18:00,0,1187
10000000008,701050207,701050207,2021/5/31 0:00,2021/5/31 18:00,0,1125
3370000,701050208,701050208,2021/5/31 0:00,2021/5/31 18:00,0,1150
10000000001,701050208,701050208,2021/5/31 0:00,2021/5/31 18:00,0,1150
10000000002,701050208,701050208,2021/5/31 0:00,2021/5/31 18:00,0,1150
10000000004,701050208,701050208,2021/5/31 0:00,2021/5/31 18:00,0,1250
10000000006,701050208,701050208,2021/5/31 0:00,2021/5/31 18:00,0,1250
10000000007,701050208,701050208,2021/5/31 0:00,2021/5/31 18:00,0,1187
10000000008,701050208,701050208,2021/5/31 0:00,2021/5/31 18:00,0,1125
600000,701800861,2.10529E+13,2021/5/31 0:00,2021/5/31 18:00,0,5500
3370000,701800861,2.10529E+13,2021/5/31 0:00,2021/5/31 18:00,0,5500
10000000001,701800861,2.10529E+13,2021/5/31 0:00,2021/5/31 18:00,0,5500
10000000002,701800861,2.10529E+13,2021/5/31 0:00,2021/5/31 18:00,0,5500
10000000004,701800861,2.10529E+13,2021/5/31 0:00,2021/5/31 18:00,0,5600
10000000006,701800861,2.10529E+13,2021/5/31 0:00,2021/5/31 18:00,0,5600
10000000007,701800861,2.10529E+13,2021/5/31 0:00,2021/5/31 18:00,0,5320
10000000008,701800861,2.10529E+13,2021/5/31 0:00,2021/5/31 18:00,0,5040