商品コード,SKUコード,商品名,契約区分,規格１名,荷主コード,荷主名,産地コード,産地名,単位,在庫数,発注先企業コード,発注先部署コード,発注先部署名,発注先担当者コード,発注先担当者名,ＪＡＮコード,納品予定日_開始,納品予定日_終了,入荷日,ロット番号,ロット行,ロット枝,倉庫コード,特記事項,配送締切時間,配送日数,商談有無,値引有無
701890000,22091900420101,養殖アトランティックサｰモンセミドレス1尾/約4kg,1,不定貫 約4kg,121146,ｼｮｸﾘｭｰ,NOR,ﾉﾙｳｪｰ,3,1.00,01,110116,鮮魚  特種,89181,土屋  伊佐夫,,2022/09/21 0:00:00,2022/09/21 0:00:00,2022/09/21 0:00:00,2209190042,01,01,991010,,,,0,0
701800891,22091700560101,秋鮭フィｰレ5kg,1,1,123032,ぜんぎょれん食品,00001,北海道,1,1.00,01,110116,鮮魚  特種,89181,土屋  伊佐夫,,2022/09/21 0:00:00,2022/09/21 0:00:00,2022/09/21 0:00:00,2209170056,01,01,991010,,,,0,0
701001875,22091700570101,秋鮭フィｰレ傷5kg,1,1,123032,ぜんぎょれん食品,00001,北海道,1,1.00,01,110116,鮮魚  特種,89181,土屋  伊佐夫,,2022/09/21 0:00:00,2022/09/21 0:00:00,2022/09/21 0:00:00,2209170057,01,01,991010,,,,0,0
701000159,22091900450101,養殖アトランティックサｰモントリムC1枚/約1.6kg,1,不定貫 約1.6kg,114400,ｵｰｼｬﾝ貿易,NOR,ﾉﾙｳｪｰ,3,1.00,01,110116,鮮魚  特種,89181,土屋  伊佐夫,,2022/09/21 0:00:00,2022/09/21 0:00:00,2022/09/21 0:00:00,2209190045,01,01,991010,,,,0,0
701000158,22091900440101,養殖アトランティックサｰモントリムA1枚/約1.6kg,1,不定貫 約1.6kg,114400,ｵｰｼｬﾝ貿易,NOR,ﾉﾙｳｪｰ,3,1.00,01,110116,鮮魚  特種,89181,土屋  伊佐夫,,2022/09/21 0:00:00,2022/09/21 0:00:00,2022/09/21 0:00:00,2209190044,01,01,991010,,,,0,0
701000157,22091900430101,養殖アトランティックサｰモンセミドレス1尾/約5kg,1,不定貫 約5kg,121146,ｼｮｸﾘｭｰ,NOR,ﾉﾙｳｪｰ,3,1.00,01,110116,鮮魚  特種,89181,土屋  伊佐夫,,2022/09/21 0:00:00,2022/09/21 0:00:00,2022/09/21 0:00:00,2209190043,01,01,991010,,,,0,0
501800009,22092000700101,アオリイカムキ身1Kg,1,1,110016,安岐水産,IND,ｲﾝﾄﾞ,3,25.00,01,110116,鮮魚  特種,89181,土屋  伊佐夫,,2022/09/21 0:00:00,2022/09/21 0:00:00,2022/09/21 0:00:00,2209200070,01,01,991010,,,,0,0
501018974,22092000710101,アオリイカソｰメン1kg(500g×2),1,1,110016,安岐水産,,,3,10.00,01,110116,鮮魚  特種,89181,土屋  伊佐夫,,2022/09/21 0:00:00,2022/09/21 0:00:00,2022/09/21 0:00:00,2209200071,01,01,991010,,,,0,0
501013507,22092000770101,ボイルヒジキ1kg,1,1,144013,森屋食品,JPN,日本,3,20.00,01,110116,鮮魚  特種,89181,土屋  伊佐夫,,2022/09/21 0:00:00,2022/09/21 0:00:00,2022/09/21 0:00:00,2209200077,01,01,991010,,,,0,0
501013506,22091300660101,ボイル赤ニシ貝ムキ身(65g×12),1,1,110016,安岐水産,BGR,ﾌﾞﾙｶﾞﾘｱ,3,10.00,01,110116,鮮魚  特種,89181,土屋  伊佐夫,,2022/09/21 0:00:00,2022/09/21 0:00:00,2022/09/15 0:00:00,2209130066,01,01,991010,,,,0,0
301800863,22091700500101,解凍開きキンキ(アラスカキチジ)16枚/2kg,1,1,144130,ﾓﾘﾋﾛ水産,USA,ｱﾒﾘｶ,1,4.00,01,110116,鮮魚  特種,89181,土屋  伊佐夫,,2022/09/21 0:00:00,2022/09/21 0:00:00,2022/09/21 0:00:00,2209170050,01,01,991010,,,,0,0
301800862,22091700480101,解凍塩マダラフィｰレ3kg,1,1,144130,ﾓﾘﾋﾛ水産,USA,ｱﾒﾘｶ,1,12.00,01,110116,鮮魚  特種,89181,土屋  伊佐夫,,2022/09/21 0:00:00,2022/09/21 0:00:00,2022/09/21 0:00:00,2209170048,01,01,991010,,,,0,0
301800860,22091700490101,解凍アブラガレイフィｰレ3kg,1,1,144130,ﾓﾘﾋﾛ水産,USA,ｱﾒﾘｶ,1,6.00,01,110116,鮮魚  特種,89181,土屋  伊佐夫,,2022/09/21 0:00:00,2022/09/21 0:00:00,2022/09/21 0:00:00,2209170049,01,01,991010,,,,0,0
301800553,22092000740101,ボイルワカメ塩蔵戻し2kg,1,1,144013,森屋食品,00003,岩手県,1,100.00,01,110116,鮮魚  特種,89181,土屋  伊佐夫,,2022/09/21 0:00:00,2022/09/21 0:00:00,2022/09/21 0:00:00,2209200074,01,01,991010,,,,0,0
301800552,22092000730101,ワカメソｰメン1Kg,1,1,144013,森屋食品,00003,岩手県,3,5.00,01,110116,鮮魚  特種,89181,土屋  伊佐夫,,2022/09/21 0:00:00,2022/09/21 0:00:00,2022/09/21 0:00:00,2209200073,01,01,991010,,,,0,0
301800466,22092000780101,切コンブ(湯引き)1.5kg,1,1,135041,浜水ﾌｰｽﾞ,00003,岩手県,1,20.00,01,110116,鮮魚  特種,89181,土屋  伊佐夫,,2022/09/21 0:00:00,2022/09/21 0:00:00,2022/09/21 0:00:00,2209200078,01,01,991010,,,,0,0
301002653,22092000790101,解凍チビッコボイルホタテ貝むき身2kg,1,1,131126,日海水産,WA032,陸奥湾,1,3.00,01,110116,鮮魚  特種,89181,土屋  伊佐夫,,2022/09/21 0:00:00,2022/09/21 0:00:00,2022/09/21 0:00:00,2209200079,01,01,991010,,,,0,0
301002644,22092000680101,シジミ5kg,1,計量 5kg,136028,平万商店,SM011,宍道湖,1,12.00,01,110116,鮮魚  特種,89181,土屋  伊佐夫,,2022/09/21 0:00:00,2022/09/21 0:00:00,2022/09/21 0:00:00,2209200068,01,01,991010,,,,0,0
301000769,22091700580101,秋鮭カマ5㎏,1,1,123032,ぜんぎょれん食品,00001,北海道,1,80.00,01,110116,鮮魚  特種,89181,土屋  伊佐夫,,2022/09/21 0:00:00,2022/09/21 0:00:00,2022/09/21 0:00:00,2209170058,01,01,991010,,,,0,0
101800990,22092000660101,ハマグリ,1,不定貫,120138,ｻﾝﾖｰ,00043,熊本県,1,10.00,01,110116,鮮魚  特種,89181,土屋  伊佐夫,,2022/09/21 0:00:00,2022/09/21 0:00:00,2022/09/21 0:00:00,2209200066,01,01,991010,,,,0,0
101000136,22091700590101,秋鮭白子,1,不定貫,123032,ぜんぎょれん食品,00001,北海道,1,15.00,01,110116,鮮魚  特種,89181,土屋  伊佐夫,,2022/09/21 0:00:00,2022/09/21 0:00:00,2022/09/21 0:00:00,2209170059,01,01,991010,3ｋ,,,0,0
701003336,22091900200101,サンマ18入/2kg,1,計量 2kg,136085,平庄商店,00001,北海道,1,49.00,01,110111,鮮魚  青物,89507,桑田  恵一,,2022/09/21 0:00:00,2022/09/21 0:00:00,2022/09/20 0:00:00,2209190020,01,01,991010,棒受け網物,,,0,0
701001796,22080412650101,ヤリイカ2段(10－14入)/約4kg,1,1,199999,仕入先ﾀﾞﾐｰ,00035,山口県,1,3.00,01,110111,鮮魚  青物,89507,桑田  恵一,,2022/09/21 0:00:00,2022/09/21 0:00:00,2022/08/04 0:00:00,2208041265,01,01,991010,釣冷凍物12/14杯入,,,0,0
701001021,22091900150101,ハマチ4入/12－14㎏,1,1,121129,昌和水産 本社,00040,福岡県,1,395.00,01,110111,鮮魚  青物,89507,桑田  恵一,,2022/09/21 0:00:00,2022/09/21 0:00:00,2022/09/20 0:00:00,2209190015,01,01,991010,巻網物12/13㎏,,,0,0
701000670,22091900260101,マイワシ60－80g/尾 4kg,1,1,120113,さ印さんりく,00001,北海道,1,27.00,01,110111,鮮魚  青物,89507,桑田  恵一,,2022/09/21 0:00:00,2022/09/21 0:00:00,2022/09/20 0:00:00,2209190026,01,01,991010,定置網物水氷60/70ｇ,,,0,0
701000490,22091900110101,ブリ2入/10－12㎏,1,不定貫 2入,121129,昌和水産 佐世保,00042,長崎県,3,86.00,01,110111,鮮魚  青物,89507,桑田  恵一,,2022/09/21 0:00:00,2022/09/21 0:00:00,2022/09/20 0:00:00,2209190011,01,01,991010,巻網物10/11㎏,,,0,0
701000195,22080412660101,ヤリイカ2.5段 約4kg,1,1,199999,仕入先ﾀﾞﾐｰ,00035,山口県,1,1.00,01,110111,鮮魚  青物,89507,桑田  恵一,,2022/09/21 0:00:00,2022/09/21 0:00:00,2022/08/04 0:00:00,2208041266,01,01,991010,釣冷凍物18杯入,,,0,0
701000148,22090200060101,ヤリイカ3段 約4kg,1,1,199999,仕入先ﾀﾞﾐｰ,00035,山口県,1,2.00,01,110111,鮮魚  青物,89507,桑田  恵一,,2022/09/21 0:00:00,2022/09/21 0:00:00,2022/09/02 0:00:00,2209020006,01,01,991010,釣冷凍物24杯入,,,0,0
701000128,22090300200101,ヤリイカ3.5段 約4kg,1,1,199999,仕入先ﾀﾞﾐｰ,00035,山口県,1,5.00,01,110111,鮮魚  青物,89507,桑田  恵一,,2022/09/21 0:00:00,2022/09/21 0:00:00,2022/09/03 0:00:00,2209030020,01,01,991010,釣冷凍物31杯入,,,0,0
701000101,22062700120101,スルメイカ30入/5㎏,1,1,199999,仕入先ﾀﾞﾐｰ,00017,石川県,1,16.00,01,110111,鮮魚  青物,89507,桑田  恵一,,2022/09/21 0:00:00,2022/09/21 0:00:00,2022/06/27 0:00:00,2206270012,01,01,991010,釣冷凍物,,,0,0
301484503,22091605400101,養殖マダイ2入/4－5kg,1,不定貫 2入,136103,秀長水産,JPN58,愛媛県沖,3,20.00,01,110111,鮮魚  青物,89507,桑田  恵一,,2022/09/21 0:00:00,2022/09/21 0:00:00,2022/09/17 0:00:00,2209160540,01,01,991010,活〆養殖物3/4㎏2尾入,,,0,0
301461320,22091400040101,サワラ4入/6－7kg,1,不定貫 6-7kg,115079,川又商店,00026,京都府,1,14.00,01,110111,鮮魚  青物,89507,桑田  恵一,,2022/09/21 0:00:00,2022/09/21 0:00:00,2022/09/15 0:00:00,2209140004,01,01,991010,定置網物6/8㎏,,,0,0
301448015,22091605500101,養殖カンパチ1入3－4kg,1,不定貫 3-4kg,140286,ﾏﾙﾊﾆﾁﾛ,00046,鹿児島県,1,12.00,01,110111,鮮魚  青物,89507,桑田  恵一,,2022/09/21 0:00:00,2022/09/21 0:00:00,2022/09/17 0:00:00,2209160550,01,01,991010,養殖物,,,0,0
301445081,22091701310101,養殖ブリ1入3－4kg,1,不定貫 3-4kg,136020,兵殖,JPN61,高知県沖,1,7.00,01,110111,鮮魚  青物,89507,桑田  恵一,,2022/09/21 0:00:00,2022/09/21 0:00:00,2022/09/18 0:00:00,2209170131,01,01,991010,養殖物3/4㎏,,,0,0
301422039,22091900320101,マルアジ200－230g/尾 8kg,1,計量 8kg,121129,昌和水産 長崎,00042,長崎県,1,95.00,01,110111,鮮魚  青物,89507,桑田  恵一,,2022/09/21 0:00:00,2022/09/21 0:00:00,2022/09/20 0:00:00,2209190032,01,01,991010,巻網物水氷約36/39入,,,0,0
301417006,22091607310101,サンマ16入/2㎏,1,計量 2㎏,136085,平庄商店,00001,北海道,1,5.00,01,110111,鮮魚  青物,89507,桑田  恵一,,2022/09/21 0:00:00,2022/09/21 0:00:00,2022/09/17 0:00:00,2209160731,01,01,991010,棒受け網物,,,0,0
301414015,22091607290101,解凍サンマ30入/4kg,1,1,115189,加瀬商店,JPN90,北海道青森県沖太平洋,1,46.00,01,110111,鮮魚  青物,89507,桑田  恵一,,2022/09/21 0:00:00,2022/09/21 0:00:00,2022/09/17 0:00:00,2209160729,01,01,991010,棒受け網物,,,0,0
101410073,22091900290101,マイワシ大,1,不定貫,139005,北海屋商店,00001,北海道,1,25.00,01,110111,鮮魚  青物,89507,桑田  恵一,,2022/09/21 0:00:00,2022/09/21 0:00:00,2022/09/20 0:00:00,2209190029,01,01,991010,棒受け網物,,,0,0
101410070,22091900280101,マイワシ,1,不定貫,139005,北海屋商店,00001,北海道,1,8.00,01,110111,鮮魚  青物,89507,桑田  恵一,,2022/09/21 0:00:00,2022/09/21 0:00:00,2022/09/20 0:00:00,2209190028,01,01,991010,棒受け網物,,,0,0
101410057,22091704470101,ゴマサバ中,1,不定貫,112015,竹村水産,00039,高知県,1,53.00,01,110111,鮮魚  青物,89507,桑田  恵一,,2022/09/21 0:00:00,2022/09/21 0:00:00,2022/09/15 0:00:00,2209170447,01,01,991010,巻網物水氷,,,0,0
101410051,22092000540101,マサバ小,1,不定貫,112217,うおいち,00041,佐賀県,1,30.00,01,110111,鮮魚  青物,89507,桑田  恵一,,2022/09/21 0:00:00,2022/09/21 0:00:00,2022/09/20 0:00:00,2209200054,01,01,991010,巻網物水氷,,,0,0
101410050,22091502790101,マサバ,1,不定貫,111053,岩藤魚問屋,00017,石川県,1,33.00,01,110111,鮮魚  青物,89507,桑田  恵一,,2022/09/21 0:00:00,2022/09/21 0:00:00,2022/09/16 0:00:00,2209150279,01,01,991010,定置網物水氷,,,0,0
101410006,22091800110101,スジガツオ(ハガツオ),1,不定貫,121129,昌和水産 本社,00040,福岡県,1,75.00,01,110111,鮮魚  青物,89507,桑田  恵一,,2022/09/21 0:00:00,2022/09/21 0:00:00,2022/09/19 0:00:00,2209180011,01,01,991010,小網物水氷,,,0,0
101410002,00000000000001,キハダ,1,不定貫,,,99998,-,1,10.00,01,110113,鮮魚  太物,89512,片山  法順,,2022/09/21 0:00:00,2022/09/21 0:00:00,,1,,,,,,,0,0
101333335,00000000000001,養殖ホンマグロ(クロマグロ)柵,1,不定貫,,,99998,-,3,10.00,01,110113,鮮魚  太物,89512,片山  法順,,2022/09/21 0:00:00,2022/09/21 0:00:00,,1,,,,,,,0,0
101333316,00000000000001,養殖ホンマグロ(クロマグロ)ロイン,1,不定貫,,,00042,長崎県,3,10.00,01,110113,鮮魚  太物,89512,片山  法順,,2022/09/21 0:00:00,2022/09/21 0:00:00,,1,,,,,,,0,0
101333300,00000000000001,キハダロイン,1,不定貫,,,IDN,ｲﾝﾄﾞﾈｼｱ,3,10.00,01,110113,鮮魚  太物,89512,片山  法順,,2022/09/21 0:00:00,2022/09/21 0:00:00,,1,,,,,,,0,0
705083143,00000000000000,養殖バナメイ無頭エビ16－20 1.8kg,2,6,,,,,3,3.00,01,110326,水産  ｴﾋﾞ,92261,川西  達也,,,,,,,,,,,,0,0
705075262,00000000000000,赤エビL1(10－20尾/kg)2kg,2,6,,,,,3,2.00,01,110326,水産  ｴﾋﾞ,92261,川西  達也,,,,,,,,,,,,0,0
705073817,00000000000000,養殖バナメイ無頭エビ26－30 1.8kg,2,6,,,,,3,1.00,01,110326,水産  ｴﾋﾞ,92261,川西  達也,,,,,,,,,,,,0,0
705073815,00000000000000,赤エビL2(20－30尾/kg)2kg,2,6,,,,,3,10.00,01,110326,水産  ｴﾋﾞ,92261,川西  達也,,,,,,,,,,,,0,0
705065122,00000000000000,養殖バナメイ無頭エビ21－25 1.8kg,2,6,,,,,3,1.00,01,110326,水産  ｴﾋﾞ,92261,川西  達也,,,,,,,,,,,,0,0
705058014,00000000000000,養殖バナメイ無頭エビ31－40 1.8kg,2,6,,,,,3,10.00,01,110326,水産  ｴﾋﾞ,92261,川西  達也,,,,,,,,,,,,0,0
705006102,00000000000000,養殖BT無頭エビ16－20 1.8kg,2,6,,,,,3,4.00,01,110326,水産  ｴﾋﾞ,92261,川西  達也,,,,,,,,,"無頭ブラックタイガー(養殖:16-20)1.8kgです。
64-80尾/1.8kg(１尾約25ｇ)をアイスブロック冷凍でお送りいたします。
無頭ブラックタイガーはアイスブロックとなっており、鮮度良く凍結されております。
解凍は流水解凍をお勧めいたします。",,,0,0
705005611,00000000000000,養殖BT無頭エビ31－40 1.8kg,2,6,,,,,3,3.00,01,110326,水産  ｴﾋﾞ,92261,川西  達也,,,,,,,,,,,,0,0
705005610,00000000000000,養殖BT無頭エビ13－15 1.8kg,2,6,,,,,3,2.00,01,110326,水産  ｴﾋﾞ,92261,川西  達也,,,,,,,,,,,,0,0
705005608,00000000000000,養殖BT無頭エビ26－30 1.8kg,2,6,,,,,3,2.00,01,110326,水産  ｴﾋﾞ,92261,川西  達也,,,,,,,,,,,,0,0
705005607,00000000000000,養殖BT無頭エビ21－25 1.8kg,2,6,,,,,3,10.00,01,110326,水産  ｴﾋﾞ,92261,川西  達也,,,,,,,,,,,,0,0
701003393,00000000000000,養殖BT有頭エビ20尾 1.3㎏,2,6,,,,,3,2.00,01,110326,水産  ｴﾋﾞ,92261,川西  達也,,,,,,,,,,,,0,0
701003374,00000000000000,養殖BT有頭エビ15尾 1.3㎏,2,6,,,,,3,0.00,01,110326,水産  ｴﾋﾞ,92261,川西  達也,,,,,,,,,,,,0,0
701003335,00000000000000,ボイルロブスタｰ44尾/10㎏,2,44,,,,,3,0.00,01,110326,水産  ｴﾋﾞ,92261,川西  達也,,,,,,,,,,,,0,0
701003333,00000000000000,養殖BT無頭エビ6－8(900g×2),2,6,,,,,3,0.00,01,110326,水産  ｴﾋﾞ,92261,川西  達也,,,,,,,,,,,,0,0
701003328,00000000000000,養殖BT無頭エビ21－25海水 1.8kg,2,6,,,,,3,0.00,01,110326,水産  ｴﾋﾞ,92261,川西  達也,,,,,,,,,,,,0,0
701003286,00000000000000,養殖BT無頭エビ16－20 1.8kg,2,6,,,,,3,0.00,01,110326,水産  ｴﾋﾞ,92261,川西  達也,,,,,,,,,,,,0,0
701003285,00000000000000,養殖BT無頭エビ13－15 1.8kg,2,6,,,,,3,0.00,01,110326,水産  ｴﾋﾞ,92261,川西  達也,,,,,,,,,,,,0,0
701003281,00000000000000,エンデバｰピンク無頭エビ51－70 2㎏,2,6,,,,,3,3.00,01,110326,水産  ｴﾋﾞ,92261,川西  達也,,,,,,,,,,,,0,0
701003280,00000000000000,エンデバｰピンク無頭エビ41－50 2㎏,2,6,,,,,3,0.00,01,110326,水産  ｴﾋﾞ,92261,川西  達也,,,,,,,,,,,,0,0
701003269,00000000000000,フラワｰ無頭エビ16－20 1.8㎏,2,6,,,,,3,2.00,01,110326,水産  ｴﾋﾞ,92261,川西  達也,,,,,,,,,,,,0,0
701003267,00000000000000,養殖BT有頭エビ15尾 1.3㎏,2,6,,,,,3,0.00,01,110326,水産  ｴﾋﾞ,92261,川西  達也,,,,,,,,,,,,0,0
701003266,00000000000000,ボイルロブスタｰ44尾/10㎏,2,44,,,,,3,0.00,01,110326,水産  ｴﾋﾞ,92261,川西  達也,,,,,,,,,,,,0,0
701003242,00000000000000,ボイルロブスタｰ64尾/10kg,2,64,,,,,3,0.00,01,110326,水産  ｴﾋﾞ,92261,川西  達也,,,,,,,,,,,,0,0
701003240,00000000000000,ボイルロブスタｰ60尾/10kg,2,60,,,,,3,0.00,01,110326,水産  ｴﾋﾞ,92261,川西  達也,,,,,,,,,,,,0,0
701002938,00000000000000,養殖バナメイ無頭エビ41－50 1.8kgIQF,2,6,,,,,3,10.00,01,110326,水産  ｴﾋﾞ,92261,川西  達也,,,,,,,,,,,,0,0
701002926,00000000000000,ボイルロブスタｰ64尾/10kg,2,64,,,,,3,10.00,01,110326,水産  ｴﾋﾞ,92261,川西  達也,,,,,,,,,,,,0,0
701002917,00000000000000,養殖BT有頭エビ60尾 1.3kg,2,6,,,,,3,10.00,01,110326,水産  ｴﾋﾞ,92261,川西  達也,,,,,,,,,,,,0,0
701002905,00000000000000,養殖BT有頭エビ45尾 1.3㎏,2,6,,,,,3,3.00,01,110326,水産  ｴﾋﾞ,92261,川西  達也,,,,,,,,,,,,0,0
701002904,00000000000000,養殖BT有頭エビ40尾 1.3㎏,2,6,,,,,3,3.00,01,110326,水産  ｴﾋﾞ,92261,川西  達也,,,,,,,,,,,,0,0
701002903,00000000000000,養殖BT有頭エビ35尾 1.3㎏,2,6,,,,,3,3.00,01,110326,水産  ｴﾋﾞ,92261,川西  達也,,,,,,,,,,,,0,0
701002902,00000000000000,養殖BT有頭エビ30尾 1.3㎏,2,6,,,,,3,5.00,01,110326,水産  ｴﾋﾞ,92261,川西  達也,,,,,,,,,,,,0,0
701002892,00000000000000,フラワｰ無頭エビ13－15 1.8㎏,2,6,,,,,3,3.00,01,110326,水産  ｴﾋﾞ,92261,川西  達也,,,,,,,,,,,,0,0
701002748,00000000000000,養殖BT無頭エビ21－25海水 1.8kg,2,6,,,,,3,1.00,01,110326,水産  ｴﾋﾞ,92261,川西  達也,,,,,,,,,,,,0,0
701002289,00000000000000,養殖BT無頭エビ8－12 1.8㎏,2,6,,,,,3,3.00,01,110326,水産  ｴﾋﾞ,92261,川西  達也,,,,,,,,,,,,0,0
701002263,00000000000000,養殖バナメイ無頭エビ31－40海水1.8㎏,2,6,,,,,3,1.00,01,110326,水産  ｴﾋﾞ,92261,川西  達也,,,,,,,,,,,,0,0
701001656,00000000000000,フラワｰ無頭エビ21－25 1.8㎏,2,6,,,,,3,3.00,01,110326,水産  ｴﾋﾞ,92261,川西  達也,,,,,,,,,,,,0,0
505083735,00000000000000,バナメイエビフライ5尾16－20白パン粉,2,12×2,,,,,3,10.00,01,110326,水産  ｴﾋﾞ,92261,川西  達也,4988330616060,,,,,,,,,,,0,0
505083164,00000000000000,バナメイエビフライ10尾26－30,2,15×2,,,,,3,10.00,01,110326,水産  ｴﾋﾞ,92261,川西  達也,4988330626113,,,,,,,,,,,0,0
505083163,00000000000000,ぶちうまエビフライ21/25 10尾,2,15×2,,,,,3,10.00,01,110326,水産  ｴﾋﾞ,92261,川西  達也,4988330621118,,,,,,,,,,,0,0
505083161,00000000000000,バナメイエビフライ5尾16－20,2,12×2,,,,,3,10.00,01,110326,水産  ｴﾋﾞ,92261,川西  達也,4988330616060,,,,,,,,,,,0,0
505082280,00000000000000,養殖バナメイボイル尾付ムキエビ51－60 1kg,2,10,,,,,3,5.00,01,110326,水産  ｴﾋﾞ,92261,川西  達也,,,,,,,,,,,,0,0
505082141,00000000000000,まるごとエビフライ500g白パン粉,2,8×2,,,,,3,1.00,01,110326,水産  ｴﾋﾞ,92261,川西  達也,,,,,,,,,"日本への搬入が少ない稀少価値の海老。
世界でも有数の美味しさです。

機械を使わずすべて国内手作り。
広島県福山市の自社工場で長年勤務している従業員たちが殻むきからパン粉付けに至るまで1尾ずつ熟練の技心を込めてて手造りしています。

ヒロシゲ独自配合のパン粉を手作業で衣付けしています。
エビの食感と旨味がより引き立つように独自衣率50％のの生パン粉を使用し、サクッとした食感を楽しめます。
エビの水分を外に逃がさないヒロシゲ独自の製造技術によりエビ本来の旨味とプリッとした食感が味わえます。


※卵・乳不使",,,0,0
505070649,00000000000000,養殖バナメイムキエビ26－30 1kg,2,10,,,,,3,5.00,01,110326,水産  ｴﾋﾞ,92261,川西  達也,,,,,,,,,,,,0,0
505070108,00000000000000,衣が薄いエビフライL(31－40)10尾,2,10×4,,,,,3,10.00,01,110326,水産  ｴﾋﾞ,92261,川西  達也,4562202157730,,,,,,,,,,,0,0
505066168,00000000000000,下拵えBT尾付きムキエビ6L(6－8)10尾,2,18,,,,,3,10.00,01,110326,水産  ｴﾋﾞ,92261,川西  達也,,,,,,,,,,,,0,0
505055496,00000000000000,下拵えBT尾付きムキエビ2LA(21－25)20尾,2,24,,,,,3,10.00,01,110326,水産  ｴﾋﾞ,92261,川西  達也,,,,,,,,,,,,0,0
505055495,00000000000000,下拵えBT尾付きムキエビ4LA(13－15)10尾,2,24,,,,,3,10.00,01,110326,水産  ｴﾋﾞ,92261,川西  達也,,,,,,,,,,,,0,0
505055494,00000000000000,下拵えBT尾付きムキエビLA(26－30)20尾,2,24,,,,,3,10.00,01,110326,水産  ｴﾋﾞ,92261,川西  達也,,,,,,,,,,,,0,0
505055493,00000000000000,下拵えBT尾付きムキエビ3LA(16－20)20尾,2,24,,,,,3,10.00,01,110326,水産  ｴﾋﾞ,92261,川西  達也,,,,,,,,,,,,0,0
505048404,00000000000000,養殖バナメイエビ尾付き伸ばし20尾16－20,2,20×2,,,,,3,10.00,01,110326,水産  ｴﾋﾞ,92261,川西  達也,,,,,,,,,,,,0,0
505045301,00000000000000,養殖バナメイボイルムキエビ61－70 1kg,2,10,,,,,3,10.00,01,110326,水産  ｴﾋﾞ,92261,川西  達也,,,,,,,,,,,,0,0
505042689,00000000000000,養殖バナメイ有頭ボイルエビ30尾中むき/500g×2,2,10,,,,,3,10.00,01,110326,水産  ｴﾋﾞ,92261,川西  達也,,,,,,,,,,,,0,0
505033576,00000000000000,甘エビ有頭中むき2L(10.5－10.9cm)20尾,2,10×2,,,,,3,10.00,01,110326,水産  ｴﾋﾞ,92261,川西  達也,,,,,,,,,,,,0,0
505028939,00000000000000,下拵えBT尾付きムキエビ3LA(16－20)20尾,2,24,,,,,3,10.00,01,110326,水産  ｴﾋﾞ,92261,川西  達也,,,,,,,,,,,,0,0
501019375,00000000000000,甘エビ尾付きむきM(6.5－7.5cm)24尾,2,20×4,,,,,3,0.00,01,110326,水産  ｴﾋﾞ,92261,川西  達也,4571381913464,,,,,,,,,,,0,0
501019309,00000000000000,甘エビ尾付きむき2L(8－8.5cm)14尾,2,20×4,,,,,3,10.00,01,110326,水産  ｴﾋﾞ,92261,川西  達也,4571381929779,,,,,,,,,,,0,0
501019066,00000000000000,養殖バナメイエビ尾付き伸ばし20尾16－20,2,10×2,,,,,3,5.00,01,110326,水産  ｴﾋﾞ,92261,川西  達也,,,,,,,,,,,,0,0
501018819,00000000000000,養殖バナメイムキエビ31－40 1kg,2,10,,,,,3,10.00,01,110326,水産  ｴﾋﾞ,92261,川西  達也,,,,,,,,,,,,0,0
501017266,00000000000000,天然ムキエビL(100－200尾/kg)1kgNET60%,2,12,,,,,3,5.00,01,110326,水産  ｴﾋﾞ,92261,川西  達也,,,,,,,,,,,,0,0
501015439,00000000000000,養殖銀のバナメイムキエビ41－50 1kg,2,10,,,,,3,2.00,01,110326,水産  ｴﾋﾞ,92261,川西  達也,,,,,,,,,,,,0,0
501015425,00000000000000,養殖バナメイエビ尾付き伸ばし10尾8－12,2,8×2,,,,,3,10.00,01,110326,水産  ｴﾋﾞ,92261,川西  達也,,,,,,,,,,,,0,0
501014628,00000000000000,甘エビ尾付きむきA(7.0－7.7cm)50尾,2,20×2,,,,,3,10.00,01,110326,水産  ｴﾋﾞ,92261,川西  達也,,,,,,,,,,,,0,0
501013286,00000000000000,養殖BTバタフライムキエビ36－45尾/lb 1kg,2,10,,,,,3,10.00,01,110326,水産  ｴﾋﾞ,92261,川西  達也,,,,,,,,,,,,0,0
501013276,00000000000000,養殖バナメイエビ尾付き伸ばし10尾16－20,2,20×2,,,,,3,10.00,01,110326,水産  ｴﾋﾞ,92261,川西  達也,,,,,,,,,,,,0,0
501012792,00000000000000,養殖バナメイサラダエビ41－50 1kg,2,10,,,,,3,3.00,01,110326,水産  ｴﾋﾞ,92261,川西  達也,,,,,,,,,,,,0,0
501012357,00000000000000,甘エビ尾付きむきM(7－7.5cm)14尾,2,40,,,,,3,10.00,01,110326,水産  ｴﾋﾞ,92261,川西  達也,4947618010037,,,,,,,,,,,0,0
501012356,00000000000000,甘エビ尾付きむきM(7－7.5cm)30尾白トレｰ,2,15×3,,,,,3,10.00,01,110326,水産  ｴﾋﾞ,92261,川西  達也,4947618010099,,,,,,,,,,,0,0
501011870,00000000000000,養殖バナメイムキエビ71－90 1kgIQF,2,10,,,,,3,10.00,01,110326,水産  ｴﾋﾞ,92261,川西  達也,,,,,,,,,,,,0,0
501011040,00000000000000,天然エビフライ10尾31－40,2,20×2,,,,,3,1.00,01,110326,水産  ｴﾋﾞ,92261,川西  達也,4542674000130,,,,,,,,天然のバナナ海老を使用し、歯ごたえのあるエビフライをお楽しみ頂けます。また、海老本来のうまみを損なわないように、切り込み、伸ばしなどは一切行っておりません。オードブルにも最適です。,,,0,0
501011039,00000000000000,天然エビフライ6尾21－25,2,12×2,,,,,3,1.00,01,110326,水産  ｴﾋﾞ,92261,川西  達也,4542674000154,,,,,,,,天然のバナナ海老を使用し、歯ごたえのあるエビフライをお楽しみ頂けます。また、海老本来のうまみを損なわないように、切り込み、伸ばしなどは一切行っておりません。オードブルにも最適です。,,,0,0
501011038,00000000000000,天然エビフライ10尾41－50M10,2,20×2,,,,,3,1.00,01,110326,水産  ｴﾋﾞ,92261,川西  達也,4542674000116,,,,,,,,天然のバナナ海老を使用し、歯ごたえのあるエビフライをお楽しみ頂けます。また、海老本来のうまみを損なわないように、切り込み、伸ばしなどは一切行っておりません。オードブルにも最適です。,,,0,0
501010639,00000000000000,甘エビ尾付きむき4L(9－9.5cm)8尾,2,10×4,,,,,3,5.00,01,110326,水産  ｴﾋﾞ,92261,川西  達也,4571381912986,,,,,,,,,,,0,0
303258400,00000000000000,ピンク無頭エビ31ｰ40 2kg,2,6,,,,,3,3.00,01,110326,水産  ｴﾋﾞ,92261,川西  達也,,,,,,,,,,,,0,0
303258300,00000000000000,ピンク無頭エビ26ｰ30 2kg,2,6,,,,,3,2.00,01,110326,水産  ｴﾋﾞ,92261,川西  達也,,,,,,,,,,,,0,0
303050429,00000000000000,養殖バナメイ無頭エビ21－25 1.8kg,2,6,,,,,3,2.00,01,110326,水産  ｴﾋﾞ,92261,川西  達也,,,,,,,,,,,,0,0
303048882,00000000000000,養殖バナメイ無頭エビ16－20 1.8kg,2,6,,,,,3,2.00,01,110326,水産  ｴﾋﾞ,92261,川西  達也,,,,,,,,,,,,0,0
303048457,00000000000000,養殖BT有頭エビ40尾 1.3kg,2,6,,,,,3,5.00,01,110326,水産  ｴﾋﾞ,92261,川西  達也,,,,,,,,,,,,0,0
303046579,00000000000000,赤エビL3(30－40尾/kg)2kg,2,6,,,,,3,10.00,01,110326,水産  ｴﾋﾞ,92261,川西  達也,,,,,,,,,,,,0,0
303035307,00000000000000,養殖バナメイムキエビ41－50(900g×2),2,6,,,,,3,1.00,01,110326,水産  ｴﾋﾞ,92261,川西  達也,,,,,,,,,"殻、尻尾共に取ってある為、解凍してそのまま炒め物などにお使い頂けます。
<br>殻付きに比べ調理時間や仕込み時間の短縮に！
<br>900ｇ入りが２パック入ってます。",,,0,0
303034276,00000000000000,養殖バナメイムキエビ41－50(900g×2),2,6,,,,,3,1.00,01,110326,水産  ｴﾋﾞ,92261,川西  達也,,,,,,,,,,,,0,0
303034275,00000000000000,養殖バナメイムキエビ31－40(900g×2),2,6,,,,,3,2.00,01,110326,水産  ｴﾋﾞ,92261,川西  達也,,,,,,,,,,,,0,0
303034206,00000000000000,養殖バナメイムキエビ26－30(900g×2),2,6,,,,,3,1.00,01,110326,水産  ｴﾋﾞ,92261,川西  達也,,,,,,,,,,,,0,0
303030917,00000000000000,養殖バナメイ無頭エビ26－30 1.8kg,2,6,,,,,3,3.00,01,110326,水産  ｴﾋﾞ,92261,川西  達也,,,,,,,,,,,,0,0
303030161,00000000000000,フラワｰ無頭エビ13－15 1.8kg,2,6,,,,,3,2.00,01,110326,水産  ｴﾋﾞ,92261,川西  達也,,,,,,,,,,,,0,0
303029787,00000000000000,タイガｰ有頭エビ13ｰ15 1.5kg,2,6,,,,,3,2.00,01,110326,水産  ｴﾋﾞ,92261,川西  達也,,,,,,,,,,,,0,0
303029786,00000000000000,タイガｰ有頭エビ9－12 1.5kg,2,6,,,,,3,3.00,01,110326,水産  ｴﾋﾞ,92261,川西  達也,,,,,,,,,,,,0,0
303029785,00000000000000,タイガｰ有頭エビ6ｰ8 1.5kg,2,6,,,,,3,1.00,01,110326,水産  ｴﾋﾞ,92261,川西  達也,,,,,,,,,,,,0,0
303027104,00000000000000,養殖BTムキエビブロｰクン1kgIQF,2,10,,,,,3,10.00,01,110326,水産  ｴﾋﾞ,92261,川西  達也,,,,,,,,,,,,0,0
303022243,00000000000000,養殖天使の海老有頭30－40尾/kg 1kg,2,10,,,,,3,2.00,01,110326,水産  ｴﾋﾞ,92261,川西  達也,,,,,,,,,,,,0,0
303021506,00000000000000,養殖BTムキエビ71－90(900g×2),2,6,,,,,3,3.00,01,110326,水産  ｴﾋﾞ,92261,川西  達也,,,,,,,,,,,,0,0
303015574,00000000000000,ブラウン無頭エビ31－40 2kg,2,6,,,,,3,1.00,01,110326,水産  ｴﾋﾞ,92261,川西  達也,,,,,,,,,,,,0,0
303006081,00000000000000,タイガｰ有頭エビ16－20 1.5kg,2,6,,,,,3,2.00,01,110326,水産  ｴﾋﾞ,92261,川西  達也,,,,,,,,,,,,0,0
301006423,00000000000000,赤エビむき身1㎏,2,10,,,,,3,10.00,01,110326,水産  ｴﾋﾞ,92261,川西  達也,,,,,,,,,,,,0,0
301006406,00000000000000,養殖BT有頭活ボイルエビ3L(40－55尾/kg)1kg,2,2×5,,,,,3,0.00,01,110326,水産  ｴﾋﾞ,92261,川西  達也,,,,,,,,,,,,0,0
301005654,00000000000000,養殖BT有頭活ボイルエビ4L(35－45尾/kg)1kg,2,2×5,,,,,3,10.00,01,110326,水産  ｴﾋﾞ,92261,川西  達也,,,,,,,,,,,,0,0
301005573,00000000000000,養殖バナメイムキエビ61－70(900g×2),2,6,,,,,3,3.00,01,110326,水産  ｴﾋﾞ,92261,川西  達也,,,,,,,,,,,,0,0
301005435,00000000000000,むき赤エビ1kg,2,10,,,,,3,10.00,01,110326,水産  ｴﾋﾞ,92261,川西  達也,,,,,,,,,,,,0,0
301005329,00000000000000,養殖バナメイ無頭エビ21－25背カット1.8kg,2,6,,,,,3,10.00,01,110326,水産  ｴﾋﾞ,92261,川西  達也,,,,,,,,,,,,0,0
301005151,00000000000000,養殖バナメイ無頭エビ31－40バックカット 1kgIQF,2,10,,,,,3,10.00,01,110326,水産  ｴﾋﾞ,92261,川西  達也,,,,,,,,,,,,0,0
301001686,00000000000000,養殖バナメイ有頭活ボイルエビL(65－85尾/kg)1kg,2,2×5,,,,,2,2.00,01,110326,水産  ｴﾋﾞ,92261,川西  達也,,,,,,,,,,,,0,0
301001493,00000000000000,養殖バナメイエビ尾付き伸ばしXXL(16－20)20尾,2,10×4,,,,,3,10.00,01,110326,水産  ｴﾋﾞ,92261,川西  達也,,,,,,,,,,,,0,0
301000537,00000000000000,養殖バナメイ無頭エビ16－20 1.8kg,2,6,,,,,3,3.00,01,110326,水産  ｴﾋﾞ,92261,川西  達也,,,,,,,,,,,,0,0
701050208,00000000000001,養殖マダイ1尾約2.0kg,1,不定貫,,,00038,愛媛県,3,10.00,01,110115,鮮魚  養魚,89194,武政  佑一朗,,2022/09/21 0:00:00,2022/09/21 0:00:00,,1,,,,,,,0,0
701050207,00000000000001,養殖マダイ1尾約1.5kg,1,不定貫,,,00038,愛媛県,3,10.00,01,110115,鮮魚  養魚,89194,武政  佑一朗,,2022/09/21 0:00:00,2022/09/21 0:00:00,,1,,,,,,,0,0
701050206,00000000000001,養殖マダイ1尾約1.2kg,1,不定貫,,,00038,愛媛県,3,10.00,01,110115,鮮魚  養魚,89194,武政  佑一朗,,2022/09/21 0:00:00,2022/09/21 0:00:00,,1,,,,,,,0,0
701050205,00000000000001,養殖マダイ1尾約1.0kg,1,不定貫,,,00038,愛媛県,3,10.00,01,110115,鮮魚  養魚,89194,武政  佑一朗,,2022/09/21 0:00:00,2022/09/21 0:00:00,,1,,,,,,,0,0
701050204,00000000000001,養殖マダイ1尾約0.8kg,1,不定貫,,,00038,愛媛県,3,10.00,01,110115,鮮魚  養魚,89194,武政  佑一朗,,2022/09/21 0:00:00,2022/09/21 0:00:00,,1,,,,,,,0,0
301650085,22091700110101,養殖ヒラメ1尾約0.8kg,1,不定貫,123005,瀬戸活魚ｾﾝﾀｰ,00044,大分県,3,20.00,01,110115,鮮魚  養魚,89194,武政  佑一朗,,2022/09/21 0:00:00,2022/09/21 0:00:00,2022/09/17 0:00:00,2209170011,01,01,991010,,,,0,0
101011199,00000000000001,養殖カンパチフィｰレ,1,不定貫,,,99999,その他,1,10.00,01,110115,鮮魚  養魚,89194,武政  佑一朗,,2022/09/21 0:00:00,2022/09/21 0:00:00,,1,,,,,,,0,0
101011155,00000000000001,養殖カンパチ,1,不定貫,,,99999,その他,3,10.00,01,110115,鮮魚  養魚,89194,武政  佑一朗,,2022/09/21 0:00:00,2022/09/21 0:00:00,,1,,,,,,,0,0
101011122,00000000000001,養殖シマアジ,1,不定貫,,,99999,その他,3,10.00,01,110115,鮮魚  養魚,89194,武政  佑一朗,,2022/09/21 0:00:00,2022/09/21 0:00:00,,1,,,,,,,0,0
101011111,22092002120101,養殖ブリフィｰレ,1,不定貫,129092,東海澱粉,99999,その他,3,3.00,01,110115,鮮魚  養魚,89194,武政  佑一朗,,2022/09/21 0:00:00,2022/09/21 0:00:00,2022/09/21 0:00:00,2209200212,01,01,991010,,,,0,0
