タグID,商品コード
000000754601,301800707
000000754601,701000670
000000963901,301800466
000000963901,301800552
000000963901,301800553
000000912101,501013509
000000912101,701800861
000000912101,Next00001
000000912101,Next00002
000000912101,Next00003
000000912101,Next00004
000001215001,701001851
000001422301,301003202
000001422301,301427000
000000943401,701000128
000000943401,701000148
000000943401,701000195
000000943401,701001796
000001006101,301000471
000001006101,301003564
000001006101,701050204
000001006101,701050205
000001006101,701050206
000001006101,701050207
000001006101,701050208
000001407301,701000697
000001407301,701000699
000001216901,301441153
000001351701,701001026
000000834801,301650085
000001436901,301448013
000001436901,301471209
000000510701,501013506
000000510701,501800001
000000510701,505068798
000000156201,505075056
000000156201,505075057
000000369901,501014201
000000079601,501800008
000001041601,501013507
000001146301,301003437
000001007801,301484503
000001409801,301445081
000000836001,301412142
000000772901,301414015
000000436901,301002939
000000436901,701000157
000000436901,701000158
000000436901,701000159
000000436901,701000163
000000436901,701890000
000000908201,301002644
000000039901,301800860
000000039901,301800862
000000039901,301800863
000000515901,303053511
000000041501,101800399
000000059301,101410715
000000059301,101410719
000000153201,301003564
000000154801,301471209
000000171901,101410094
000000171901,301800860
000000028901,301800860
000000334001,101410094
000000187301,301800863
000000042201,301800863
000000202301,701000697
000000202301,701000699
000000259501,301002939
000000259501,701000157
000000259501,701000158
000000259501,701000159
000000259501,701000163
000000259501,701800861
000000259501,701890000
000000199601,701800861
000000340901,301002939
000000340901,701000157
000000340901,701000158
000000340901,701000159
000000340901,701000163
000000340901,701890000
000000264401,101410051
000000264401,301412142
000000552401,101410051
000000552401,301412142
000000272601,701001851
000000276001,301414015
000000283901,101011122
000000349701,101611501
000000356301,301800707
000000356301,301800862
000000555701,301800707
000000555701,301800862
000000385801,301003437
000000464201,303053511
000000443601,303053511
000000485301,301650085
000000508301,101011111
000000508301,101011155
000000508301,101011199
000000508301,301441153
000000508301,301445081
000000508301,301448013
000000508301,701001026
000000179301,101011155
000000179301,101011199
000000179301,301448013
000000533301,101410353
000000015701,101410353
000000541801,101410020
000000541801,101410021
000000541801,101410022
000000541801,301427000
000000543001,101410073
000000543001,701000670
000000545901,101333300
000000545901,101333316
000000191401,101333300
000000225201,101333316
000000553901,301484503
000000553901,701050204
000000553901,701050205
000000553901,701050206
000000553901,701050207
000000553901,701050208
000000591301,101410031
000000565301,101410031
000000007401,301003202
000000324101,301003202
000000613301,301000471
000000613301,501015562
000000613301,501800008
000000613301,701000128
000000613301,701000148
000000613301,701000195
000000613301,701001796
000000006401,501015562
000000006401,501800008
000000017201,501013506
000000017201,501800001
000000017201,505068798
000000013601,501013506
000000013601,501800001
000000013601,505068798
000000103301,505075056
000000103501,505075056
000000279901,301002644
000000440401,505075057
000000038401,505075057
000000254201,301800466
000000361101,301800552
000000361101,301800553
000000361101,501013509
000000643301,301800552
000000643301,301800553
000000643301,501013509
000000539701,501013507
000000472401,501013507
000000090301,501014201
000000340101,101215101
000001412801,505080744
000000310001,505080744
000001418701,101011111
000001418701,101011199
000001418701,301002939
000001418701,301003437
000001418701,301427000
000001418701,301800707
000001418701,301800860
000001418701,301800862
000001418701,301800863
000001418701,303053511
000001418701,701000157
000001418701,701000158
000001418701,701000159
000001418701,701000163
000001418701,701800861
000001418701,701890000
000001416201,505080744
000000550801,101333300
000000550801,101333316
000000054201,501015562
000000054201,501800008
000001315001,501013506
000001315001,501800001
000001315001,505068798
000001315001,505075056
000001315001,505075057
000001130601,301800466
000001130601,301800552
000001130601,301800553
000001130601,501013507
000001130801,501013509
000001412501,501014201
000001335301,101215101
000001119601,101011122
000001119601,301002644
000001119601,301650085
000001119601,701050204
000001119601,701050205
000001119601,701050206
000001119601,701050207
000001119601,701050208
000001178601,101011111
000001178601,101011155
000001178601,101011199
000001178601,101333300
000001178601,101333316
000001178601,101410020
000001178601,101410021
000001178601,101410022
000001178601,101410031
000001178601,101410051
000001178601,101410073
000001178601,101410094
000001178601,101410353
000001178601,101410715
000001178601,101410719
000001178601,101611501
000001178601,101800399
000001178601,301000471
000001178601,301002939
000001178601,301412142
000001178601,301427000
000001178601,301441153
000001178601,301445081
000001178601,301448013
000001178601,301471209
000001178601,301484503
000001178601,301800707
000001178601,701000157
000001178601,701000158
000001178601,701000159
000001178601,701000163
000001178601,701000670
000001178601,701000697
000001178601,701000699
000001178601,701001026
000001178601,701001851
000001178601,701800861
000001178601,701890000
000001306101,301414015
000001306101,301800860
000001306101,301800862
000001306101,301800863
000001306101,303053511
000001306101,501015562
000001306101,501800001
000001306101,501800008
000000046401,101410051
000000046401,301000471
000000046401,301002939
000000046401,301003202
000000046401,301412142
000000046401,501015562
000000046401,501800008
000000046401,505080744
000000046401,701000128
000000046401,701000148
000000046401,701000157
000000046401,701000158
000000046401,701000159
000000046401,701000163
000000046401,701000195
000000046401,701001796
000000046401,701800861
000000046401,701890000
000000046501,101011111
000000046501,101011122
000000046501,101011155
000000046501,101011199
000000046501,101215101
000000046501,101333300
000000046501,101333316
000000046501,101410020
000000046501,101410021
000000046501,101410022
000000046501,101410073
000000046501,101410094
000000046501,101410353
000000046501,101410715
000000046501,101410719
000000046501,101611501
000000046501,101800399
000000046501,301002644
000000046501,301003437
000000046501,301003564
000000046501,301414015
000000046501,301427000
000000046501,301441153
000000046501,301445081
000000046501,301448013
000000046501,301471209
000000046501,301484503
000000046501,301650085
000000046501,301800466
000000046501,301800552
000000046501,301800553
000000046501,301800707
000000046501,301800860
000000046501,301800862
000000046501,301800863
000000046501,303053511
000000046501,501013506
000000046501,501013507
000000046501,501013509
000000046501,501014201
000000046501,501800001
000000046501,505068798
000000046501,505075056
000000046501,505075057
000000046501,701000670
000000046501,701000697
000000046501,701000699
000000046501,701001026
000000046501,701001851
000000046501,701050204
000000046501,701050205
000000046501,701050206
000000046501,701050207
000000046501,701050208
000001404301,101011111
000001404301,101333300
000001404301,101333316
000001404301,301003437
000001404301,301427000
000001404301,301800707
000001404301,301800860
000001404301,301800862
000001404301,301800863
000001404301,701000157
000001404301,701000158
000001404301,701000163
000001404301,701800861
000001404301,701890000
000001404401,301002939
000001404401,303053511
000001404401,701000159
000000512301,301003202
000001117401,301003437
000000329501,701000128
000000329501,701000148
000000329501,701000195
000000329501,701001796
000001264401,505068798
000001264401,505075057
000001194001,101011111
000001194001,101011199
000001194001,101333300
000001194001,101333316
000001194001,301003437
000001194001,301427000
000001194001,301800707
000001194001,301800860
000001194001,301800862
000001194001,301800863
000001194001,701000157
000001194001,701000158
000001194001,701000159
000001194001,701000163
000001194001,701800861
000001194001,701890000
000001194101,301002939
000001194101,303053511
000001095501,301002644
000000587801,501013506
000000587801,501014201
000000587801,501800001
000000587801,501800008
000000587801,505068798
000000587801,505075056
000001264501,505075057
000001178701,101011111
000001178701,101011122
000001178701,101011155
000001178701,101011199
000001178701,101333300
000001178701,101333316
000001178701,101410020
000001178701,101410021
000001178701,101410022
000001178701,101410031
000001178701,101410051
000001178701,101410073
000001178701,101410094
000001178701,101410353
000001178701,101410715
000001178701,101410719
000001178701,101611501
000001178701,101800399
000001178701,301000471
000001178701,301002644
000001178701,301002939
000001178701,301412142
000001178701,301427000
000001178701,301441153
000001178701,301445081
000001178701,301448013
000001178701,301471209
000001178701,301484503
000001178701,301650085
000001178701,301800707
000001178701,701000157
000001178701,701000158
000001178701,701000159
000001178701,701000163
000001178701,701000670
000001178701,701000697
000001178701,701000699
000001178701,701001026
000001178701,701001851
000001178701,701050204
000001178701,701050205
000001178701,701050206
000001178701,701050207
000001178701,701050208
000001178701,701800861
000001178701,701890000
000000741801,301003202
000000741801,301003437
000000741801,301414015
000000741801,303053511
000000741801,701000128
000000741801,701000148
000000741801,701000195
000000741801,701001796
000000748401,301003564
000000748401,301800466
000000748401,301800552
000000748401,301800553
000000748401,301800860
000000748401,301800862
000000748401,301800863
000000748401,501013506
000000748401,501013507
000000748401,501013509
000000748401,501014201
000000748401,501015562
000000748401,501800001
000000748401,501800008
000000748401,505068798
000000748401,505075056
000000748401,505075057
000000748401,505080744
000001420501,101011111
000001420501,101011122
000001420501,101011155
000001420501,101011199
000001420501,101333300
000001420501,101333316
000001420501,101410020
000001420501,101410021
000001420501,101410022
000001420501,101410031
000001420501,101410051
000001420501,101410073
000001420501,101410094
000001420501,101410353
000001420501,101410715
000001420501,101410719
000001420501,101611501
000001420501,101800399
000001420501,301000471
000001420501,301002644
000001420501,301002939
000001420501,301412142
000001420501,301427000
000001420501,301441153
000001420501,301445081
000001420501,301448013
000001420501,301471209
000001420501,301484503
000001420501,301650085
000001420501,301800707
000001420501,701000157
000001420501,701000158
000001420501,701000159
000001420501,701000163
000001420501,701000670
000001420501,701000697
000001420501,701000699
000001420501,701001026
000001420501,701001851
000001420501,701050204
000001420501,701050205
000001420501,701050206
000001420501,701050207
000001420501,701050208
000001420501,701800861
000001420501,701890000
000000742001,301003202
000000742001,301003437
000000742001,301414015
000000742001,301800860
000000742001,301800862
000000742001,301800863
000000742001,303053511
000000742001,701000128
000000742001,701000148
000000742001,701000195
000000742001,701001796
000000828001,301003564
000000828001,505080744
000001178801,101011111
000001178801,101011122
000001178801,101011155
000001178801,101011199
000001178801,101333300
000001178801,101333316
000001178801,101410020
000001178801,101410021
000001178801,101410022
000001178801,101410031
000001178801,101410051
000001178801,101410073
000001178801,101410094
000001178801,101410353
000001178801,101410715
000001178801,101410719
000001178801,101611501
000001178801,101800399
000001178801,301000471
000001178801,301002644
000001178801,301002939
000001178801,301412142
000001178801,301427000
000001178801,301441153
000001178801,301445081
000001178801,301448013
000001178801,301471209
000001178801,301484503
000001178801,301650085
000001178801,301800707
000001178801,701000157
000001178801,701000163
000001178801,701000670
000001178801,701000697
000001178801,701000699
000001178801,701001026
000001178801,701001851
000001178801,701050204
000001178801,701050205
000001178801,701050206
000001178801,701050207
000001178801,701050208
000001178801,701800861
000001178801,701890000
000000827901,301003564
000000827901,505080744
000000742101,301003202
000000742101,301003437
000000742101,301414015
000000742101,301800860
000000742101,301800862
000000742101,301800863
000000742101,303053511
000000742101,701000128
000000742101,701000148
000000742101,701000195
000000742101,701001796
