カレンダーID,日付
0000,2023-09-23
0000,2023-09-24
0000,2023-09-27
0000,2023-10-01
0000,2023-10-04
0000,2023-10-08
0000,2023-10-09
0000,2023-10-15
0000,2023-10-18
0000,2023-10-22
0000,2023-10-25
0000,2023-10-29
0000,2023-11-03
0000,2023-11-05
0000,2023-11-08
0000,2023-11-12
0000,2023-11-15
0000,2023-11-19
0000,2023-11-23
0000,2023-11-26
0000,2023-11-29
0000,2023-12-03
0000,2023-12-06
0000,2023-12-10
0000,2023-12-13
0000,2023-12-17
0000,2023-12-20
0000,2023-12-24
0000,2023-12-31
0001,2023-09-22
0001,2023-09-23
0001,2023-09-28
0001,2023-10-07
0001,2023-10-13
0001,2023-10-20
0001,2023-10-28
0001,2023-11-16
0001,2023-12-09
0001,2023-12-22
0001,2024-01-05
0001,2024-01-20
0001,2024-02-22
0001,2024-03-30
0001,2024-04-19
0001,2024-05-10
0001,2024-06-01
0001,2024-07-18
0001,2024-09-07
0001,2024-10-04
0001,2024-11-01
0001,2024-11-30
0001,2025-01-30
0001,2025-04-05
0001,2025-05-09
0001,2025-06-13
0001,2025-07-19
0001,2025-10-02
0001,2025-12-20
0001,2026-01-30
0001,2026-03-13
0001,2026-04-25
0001,2026-07-23
0001,2026-10-24
0001,2026-12-11
0001,2027-01-29
0001,2027-03-20
0001,2027-07-01
0001,2027-10-16
0001,2027-12-10
0001,2028-02-04
0001,2028-04-01
0001,2028-07-27
0001,2028-11-25
0001,2029-01-26
0001,2029-03-30
0001,2029-06-02
0001,2029-10-11
0001,2030-02-23
0001,2030-05-03
0001,2030-07-12
0001,2030-09-21
0001,2031-02-13
0001,2031-07-12
0001,2031-09-26
0001,2031-12-12
0001,2032-02-28
0001,2032-08-05
0001,2033-01-15
0001,2033-04-08
0001,2033-07-01
0001,2033-09-24
0001,2034-03-16
0001,2034-09-09
0001,2034-12-08
0001,2035-03-09
0001,2035-06-09
0001,2035-12-13
0001,2036-06-21
0001,2036-09-26
0001,2037-01-02
0001,2037-04-11
0001,2037-10-29
0001,2038-05-22
0001,2038-09-03
0001,2038-12-17
0001,2039-04-02
0001,2039-11-03
0001,2040-06-09
0001,2040-09-28
0001,2041-01-18
0001,2041-05-11
0001,2041-12-26
0001,2042-08-16
0001,2042-12-12
0001,2043-04-10
0001,2043-08-08
0001,2044-04-07
0001,2044-12-10
0001,2045-04-14
0001,2045-08-18
0001,2045-12-23
0001,2046-09-06
0001,2047-05-25
0001,2047-10-04
0001,2048-02-14
0001,2048-06-27
0001,2049-03-25
0001,2049-12-25
0001,2050-05-13
0001,2050-09-30
0001,2051-02-18
0001,2051-11-30
0001,2052-09-14
0001,2053-02-07
0001,2053-07-04
0001,2053-11-29
0001,2054-09-24
0001,2055-07-24
0001,2055-12-24
0001,2056-05-26
0001,2056-10-28
0001,2057-09-06
0001,2058-07-20
0001,2058-12-27
0001,2059-06-06
0001,2059-11-15
0001,2060-10-07
0001,2061-09-03
0001,2062-02-17
0001,2062-08-04
0001,2063-01-20
0001,2063-12-27
0001,2064-12-06
0001,2065-05-29
0001,2065-11-20
0001,2066-05-15
0001,2067-05-05
0001,2068-04-28
0001,2068-10-26
0001,2069-04-26
0001,2069-10-26
0001,2070-10-30
0001,2071-11-07
0001,2072-05-13
0001,2072-11-18
0001,2073-05-27
0001,2074-06-14
0001,2075-07-06
0001,2076-01-17
0001,2076-07-31
0001,2077-02-13
0001,2078-03-17
0001,2079-04-22
0001,2079-11-10
0001,2080-05-31
0001,2080-12-21
0001,2082-02-05
0001,2083-03-27
0001,2083-10-22
0001,2084-05-19
0001,2084-12-16
0001,2086-02-14
0001,2087-04-19
0001,2087-11-21
0001,2088-06-25
0001,2089-01-29
0001,2090-04-13
0001,2091-06-30
0001,2092-02-08
0001,2092-09-19
0001,2093-05-02
0001,2094-07-29
0001,2095-10-29
0001,2096-06-15
0001,2097-02-01
0001,2097-09-21
0001,2099-01-01
0001,2100-04-17
0001,2100-12-10
0001,2101-08-05
0001,2102-04-01
0001,2103-07-26
0001,2104-11-22
0001,2105-07-24
0001,2106-03-26
0001,2106-11-27
0001,2108-04-05
0001,2109-08-17
0001,2110-04-25
0001,2111-01-02
0001,2111-09-12
0001,2113-02-02
0001,2114-06-30
0001,2115-03-15
0001,2115-11-29
0001,2116-08-15
0001,2118-01-20
0001,2119-07-01
0001,2120-03-22
0001,2120-12-13
0001,2121-09-06
0001,2123-02-25
0001,2124-08-19
0001,2125-05-18
0001,2126-02-15
0001,2126-11-16
0001,2128-05-20
0001,2129-11-26
0001,2130-09-01
0001,2131-06-08
0001,2132-03-15
0001,2133-10-01
0001,2135-04-23
0001,2136-02-03
0001,2136-11-16
0001,2137-08-31
0001,2139-04-02
0001,2140-11-05
0001,2141-08-25
0001,2142-06-15
0001,2143-04-06
0001,2144-11-19
0001,2146-07-09
0001,2147-05-05
0001,2148-03-01
0001,2148-12-28
0001,2150-08-27
0001,2152-04-29
0001,2153-03-02
0001,2154-01-04
0001,2154-11-09
0001,2156-07-22
0001,2158-04-08
0001,2159-02-16
0001,2159-12-28
0001,2160-11-08
0001,2162-08-05
0001,2164-05-05
0001,2165-03-22
0001,2166-02-07
0001,2166-12-27
0001,2168-10-06
0001,2170-07-21
0001,2171-06-14
0001,2172-05-08
0001,2173-04-03
0001,2175-01-26
0001,2176-11-23
0001,2177-10-24
0001,2178-09-25
0001,2179-08-28
0001,2181-07-05
0001,2183-05-17
0001,2184-04-23
0001,2185-04-01
0001,2186-03-11
0001,2188-01-31
0001,2189-12-26
0001,2190-12-10
0001,2191-11-25
0001,2192-11-10
0001,2194-10-16
0001,2196-09-24
0001,2197-09-15
0001,2198-09-07
0001,2199-08-31
0001,2201-08-20
0001,2203-08-13
0001,2204-08-10
0001,2205-08-09
0002,2023-09-22
0002,2023-09-23
0002,2023-09-25
0002,2023-09-28
0002,2023-10-02
0002,2023-10-07
0002,2023-10-13
0002,2023-10-20
0002,2023-10-28
0002,2023-11-06
0002,2023-11-16
0002,2023-11-27
0002,2023-12-09
0002,2023-12-22
0002,2024-01-05
0002,2024-01-20
0002,2024-02-05
0002,2024-02-22
0002,2024-03-11
0002,2024-03-30
0002,2024-04-19
0002,2024-05-10
0002,2024-06-01
0002,2024-06-24
0002,2024-07-18
0002,2024-08-12
0002,2024-09-07
0002,2024-10-04
0002,2024-11-01
0002,2024-11-30
0002,2024-12-30
0002,2025-01-30
0002,2025-03-03
0002,2025-04-05
0002,2025-05-09
0002,2025-06-13
0002,2025-07-19
0002,2025-08-25
0002,2025-10-02
0002,2025-11-10
0002,2025-12-20
0002,2026-01-30
0002,2026-03-13
0002,2026-04-25
0002,2026-06-08
0002,2026-07-23
0002,2026-09-07
0002,2026-10-24
0002,2026-12-11
0002,2027-01-29
0002,2027-03-20
0002,2027-05-10
0002,2027-07-01
0002,2027-08-23
0002,2027-10-16
0002,2027-12-10
0002,2028-02-04
0002,2028-04-01
0002,2028-05-29
0002,2028-07-27
0002,2028-09-25
0002,2028-11-25
0002,2029-01-26
0002,2029-03-30
0002,2029-06-02
0002,2029-08-06
0002,2029-10-11
0002,2029-12-17
0002,2030-02-23
0002,2030-05-03
0002,2030-07-12
0002,2030-09-21
0002,2030-12-02
0002,2031-02-13
0002,2031-04-28
0002,2031-07-12
0002,2031-09-26
0002,2031-12-12
0002,2032-02-28
0002,2032-05-17
0002,2032-08-05
0002,2032-10-25
0002,2033-01-15
0002,2033-04-08
0002,2033-07-01
0002,2033-09-24
0002,2033-12-19
0002,2034-03-16
0002,2034-06-12
0002,2034-09-09
0002,2034-12-08
0002,2035-03-09
0002,2035-06-09
0002,2035-09-10
0002,2035-12-13
0002,2036-03-17
0002,2036-06-21
0002,2036-09-26
0002,2037-01-02
0002,2037-04-11
0002,2037-07-20
0002,2037-10-29
0002,2038-02-08
0002,2038-05-22
0002,2038-09-03
0002,2038-12-17
0002,2039-04-02
0002,2039-07-18
0002,2039-11-03
0002,2040-02-20
0002,2040-06-09
0002,2040-09-28
0002,2041-01-18
0002,2041-05-11
0002,2041-09-02
0002,2041-12-26
0002,2042-04-21
0002,2042-08-16
0002,2042-12-12
0002,2043-04-10
0002,2043-08-08
0002,2043-12-07
0002,2044-04-07
0002,2044-08-08
0002,2044-12-10
0002,2045-04-14
0002,2045-08-18
0002,2045-12-23
0002,2046-04-30
0002,2046-09-06
0002,2047-01-14
0002,2047-05-25
0002,2047-10-04
0002,2048-02-14
0002,2048-06-27
0002,2048-11-09
0002,2049-03-25
0002,2049-08-09
0002,2049-12-25
0002,2050-05-13
0002,2050-09-30
0002,2051-02-18
0002,2051-07-10
0002,2051-11-30
0002,2052-04-22
0002,2052-09-14
0002,2053-02-07
0002,2053-07-04
0002,2053-11-29
0002,2054-04-27
0002,2054-09-24
0002,2055-02-22
0002,2055-07-24
0002,2055-12-24
0002,2056-05-26
0002,2056-10-28
0002,2057-04-02
0002,2057-09-06
0002,2058-02-11
0002,2058-07-20
0002,2058-12-27
0002,2059-06-06
0002,2059-11-15
0002,2060-04-26
0002,2060-10-07
0002,2061-03-21
0002,2061-09-03
0002,2062-02-17
0002,2062-08-04
0002,2063-01-20
0002,2063-07-09
0002,2063-12-27
0002,2064-06-16
0002,2064-12-06
0002,2065-05-29
0002,2065-11-20
0002,2066-05-15
0002,2066-11-08
0002,2067-05-05
0002,2067-10-31
0002,2068-04-28
0002,2068-10-26
0002,2069-04-26
0002,2069-10-26
0002,2070-04-28
0002,2070-10-30
0002,2071-05-04
0002,2071-11-07
0002,2072-05-13
0002,2072-11-18
0002,2073-05-27
0002,2073-12-04
0002,2074-06-14
0002,2074-12-24
0002,2075-07-06
0002,2076-01-17
0002,2076-07-31
0002,2077-02-13
0002,2077-08-30
0002,2078-03-17
0002,2078-10-03
0002,2079-04-22
0002,2079-11-10
0002,2080-05-31
0002,2080-12-21
0002,2081-07-14
0002,2082-02-05
0002,2082-08-31
0002,2083-03-27
0002,2083-10-22
0002,2084-05-19
0002,2084-12-16
0002,2085-07-16
0002,2086-02-14
0002,2086-09-16
0002,2087-04-19
0002,2087-11-21
0002,2088-06-25
0002,2089-01-29
0002,2089-09-05
0002,2090-04-13
0002,2090-11-20
0002,2091-06-30
0002,2092-02-08
0002,2092-09-19
0002,2093-05-02
0002,2093-12-14
0002,2094-07-29
0002,2095-03-14
0002,2095-10-29
0002,2096-06-15
0002,2097-02-01
0002,2097-09-21
0002,2098-05-12
0002,2099-01-01
0002,2099-08-24
0002,2100-04-17
0002,2100-12-10
0002,2101-08-05
0002,2102-04-01
0002,2102-11-27
0002,2103-07-26
0002,2104-03-24
0002,2104-11-22
0002,2105-07-24
0002,2106-03-26
0002,2106-11-27
0002,2107-08-01
0002,2108-04-05
0002,2108-12-10
0002,2109-08-17
0002,2110-04-25
0002,2111-01-02
0002,2111-09-12
0002,2112-05-23
0002,2113-02-02
0002,2113-10-16
0002,2114-06-30
0002,2115-03-15
0002,2115-11-29
0002,2116-08-15
0002,2117-05-03
0002,2118-01-20
0002,2118-10-10
0002,2119-07-01
0002,2120-03-22
0002,2120-12-13
0002,2121-09-06
0002,2122-06-01
0002,2123-02-25
0002,2123-11-22
0002,2124-08-19
0002,2125-05-18
0002,2126-02-15
0002,2126-11-16
0002,2127-08-18
0002,2128-05-20
0002,2129-02-21
0002,2129-11-26
0002,2130-09-01
0002,2131-06-08
0002,2132-03-15
0002,2132-12-22
0002,2133-10-01
0002,2134-07-12
0002,2135-04-23
0002,2136-02-03
0002,2136-11-16
0002,2137-08-31
0002,2138-06-16
0002,2139-04-02
0002,2140-01-18
0002,2140-11-05
0002,2141-08-25
0002,2142-06-15
0002,2143-04-06
0002,2144-01-27
0002,2144-11-19
0002,2145-09-13
0002,2146-07-09
0002,2147-05-05
0002,2148-03-01
0002,2148-12-28
0002,2149-10-27
0002,2150-08-27
0002,2151-06-28
0002,2152-04-29
0002,2153-03-02
0002,2154-01-04
0002,2154-11-09
0002,2155-09-15
0002,2156-07-22
0002,2157-05-30
0002,2158-04-08
0002,2159-02-16
0002,2159-12-28
0002,2160-11-08
0002,2161-09-21
0002,2162-08-05
0002,2163-06-20
0002,2164-05-05
0002,2165-03-22
0002,2166-02-07
0002,2166-12-27
0002,2167-11-16
0002,2168-10-06
0002,2169-08-28
0002,2170-07-21
0002,2171-06-14
0002,2172-05-08
0002,2173-04-03
0002,2174-02-28
0002,2175-01-26
0002,2175-12-25
0002,2176-11-23
0002,2177-10-24
0002,2178-09-25
0002,2179-08-28
0002,2180-07-31
0002,2181-07-05
0002,2182-06-10
0002,2183-05-17
0002,2184-04-23
0002,2185-04-01
0002,2186-03-11
0002,2187-02-19
0002,2188-01-31
0002,2189-01-12
0002,2189-12-26
0002,2190-12-10
0002,2191-11-25
0002,2192-11-10
0002,2193-10-28
0002,2194-10-16
0002,2195-10-05
0002,2196-09-24
0002,2197-09-15
0002,2198-09-07
0002,2199-08-31
0002,2200-08-25
0002,2201-08-20
0002,2202-08-16
0002,2203-08-13
0002,2204-08-10
0002,2205-08-09
0003,2023-09-22
0003,2023-09-23
0003,2023-09-25
0003,2023-10-02
0003,2023-10-07
0003,2023-10-13
0003,2023-10-20
0003,2023-10-28
0003,2023-11-06
0003,2023-11-27
0003,2023-12-09
0003,2023-12-22
0003,2024-01-05
0003,2024-01-20
0003,2024-02-05
0003,2024-03-11
0003,2024-03-30
0003,2024-04-19
0003,2024-05-10
0003,2024-06-01
0003,2024-06-24
0003,2024-08-12
0003,2024-09-07
0003,2024-10-04
0003,2024-11-01
0003,2024-11-30
0003,2024-12-30
0003,2025-03-03
0003,2025-04-05
0003,2025-05-09
0003,2025-06-13
0003,2025-07-19
0003,2025-08-25
0003,2025-11-10
0003,2025-12-20
0003,2026-01-30
0003,2026-03-13
0003,2026-04-25
0003,2026-06-08
0003,2026-09-07
0003,2026-10-24
0003,2026-12-11
0003,2027-01-29
0003,2027-03-20
0003,2027-05-10
0003,2027-08-23
0003,2027-10-16
0003,2027-12-10
0003,2028-02-04
0003,2028-04-01
0003,2028-05-29
0003,2028-09-25
0003,2028-11-25
0003,2029-01-26
0003,2029-03-30
0003,2029-06-02
0003,2029-08-06
0003,2029-12-17
0003,2030-02-23
0003,2030-05-03
0003,2030-07-12
0003,2030-09-21
0003,2030-12-02
0003,2031-04-28
0003,2031-07-12
0003,2031-09-26
0003,2031-12-12
0003,2032-02-28
0003,2032-05-17
0003,2032-10-25
0003,2033-01-15
0003,2033-04-08
0003,2033-07-01
0003,2033-09-24
0003,2033-12-19
0003,2034-06-12
0003,2034-09-09
0003,2034-12-08
0003,2035-03-09
0003,2035-06-09
0003,2035-09-10
0003,2036-03-17
0003,2036-06-21
0003,2036-09-26
0003,2037-01-02
0003,2037-04-11
0003,2037-07-20
0003,2038-02-08
0003,2038-05-22
0003,2038-09-03
0003,2038-12-17
0003,2039-04-02
0003,2039-07-18
0003,2040-02-20
0003,2040-06-09
0003,2040-09-28
0003,2041-01-18
0003,2041-05-11
0003,2041-09-02
0003,2042-04-21
0003,2042-08-16
0003,2042-12-12
0003,2043-04-10
0003,2043-08-08
0003,2043-12-07
0003,2044-08-08
0003,2044-12-10
0003,2045-04-14
0003,2045-08-18
0003,2045-12-23
0003,2046-04-30
0003,2047-01-14
0003,2047-05-25
0003,2047-10-04
0003,2048-02-14
0003,2048-06-27
0003,2048-11-09
0003,2049-08-09
0003,2049-12-25
0003,2050-05-13
0003,2050-09-30
0003,2051-02-18
0003,2051-07-10
0003,2052-04-22
0003,2052-09-14
0003,2053-02-07
0003,2053-07-04
0003,2053-11-29
0003,2054-04-27
0003,2055-02-22
0003,2055-07-24
0003,2055-12-24
0003,2056-05-26
0003,2056-10-28
0003,2057-04-02
0003,2058-02-11
0003,2058-07-20
0003,2058-12-27
0003,2059-06-06
0003,2059-11-15
0003,2060-04-26
0003,2061-03-21
0003,2061-09-03
0003,2062-02-17
0003,2062-08-04
0003,2063-01-20
0003,2063-07-09
0003,2064-06-16
0003,2064-12-06
0003,2065-05-29
0003,2065-11-20
0003,2066-05-15
0003,2066-11-08
0003,2067-10-31
0003,2068-04-28
0003,2068-10-26
0003,2069-04-26
0003,2069-10-26
0003,2070-04-28
0003,2071-05-04
0003,2071-11-07
0003,2072-05-13
0003,2072-11-18
0003,2073-05-27
0003,2073-12-04
0003,2074-12-24
0003,2075-07-06
0003,2076-01-17
0003,2076-07-31
0003,2077-02-13
0003,2077-08-30
0003,2078-10-03
0003,2079-04-22
0003,2079-11-10
0003,2080-05-31
0003,2080-12-21
0003,2081-07-14
0003,2082-08-31
0003,2083-03-27
0003,2083-10-22
0003,2084-05-19
0003,2084-12-16
0003,2085-07-16
0003,2086-09-16
0003,2087-04-19
0003,2087-11-21
0003,2088-06-25
0003,2089-01-29
0003,2089-09-05
0003,2090-11-20
0003,2091-06-30
0003,2092-02-08
0003,2092-09-19
0003,2093-05-02
0003,2093-12-14
0003,2095-03-14
0003,2095-10-29
0003,2096-06-15
0003,2097-02-01
0003,2097-09-21
0003,2098-05-12
0003,2099-08-24
0003,2100-04-17
0003,2100-12-10
0003,2101-08-05
0003,2102-04-01
0003,2102-11-27
0003,2104-03-24
0003,2104-11-22
0003,2105-07-24
0003,2106-03-26
0003,2106-11-27
0003,2107-08-01
0003,2108-12-10
0003,2109-08-17
0003,2110-04-25
0003,2111-01-02
0003,2111-09-12
0003,2112-05-23
0003,2113-10-16
0003,2114-06-30
0003,2115-03-15
0003,2115-11-29
0003,2116-08-15
0003,2117-05-03
0003,2118-10-10
0003,2119-07-01
0003,2120-03-22
0003,2120-12-13
0003,2121-09-06
0003,2122-06-01
0003,2123-11-22
0003,2124-08-19
0003,2125-05-18
0003,2126-02-15
0003,2126-11-16
0003,2127-08-18
0003,2129-02-21
0003,2129-11-26
0003,2130-09-01
0003,2131-06-08
0003,2132-03-15
0003,2132-12-22
0003,2134-07-12
0003,2135-04-23
0003,2136-02-03
0003,2136-11-16
0003,2137-08-31
0003,2138-06-16
0003,2140-01-18
0003,2140-11-05
0003,2141-08-25
0003,2142-06-15
0003,2143-04-06
0003,2144-01-27
0003,2145-09-13
0003,2146-07-09
0003,2147-05-05
0003,2148-03-01
0003,2148-12-28
0003,2149-10-27
0003,2151-06-28
0003,2152-04-29
0003,2153-03-02
0003,2154-01-04
0003,2154-11-09
0003,2155-09-15
0003,2157-05-30
0003,2158-04-08
0003,2159-02-16
0003,2159-12-28
0003,2160-11-08
0003,2161-09-21
0003,2163-06-20
0003,2164-05-05
0003,2165-03-22
0003,2166-02-07
0003,2166-12-27
0003,2167-11-16
0003,2169-08-28
0003,2170-07-21
0003,2171-06-14
0003,2172-05-08
0003,2173-04-03
0003,2174-02-28
0003,2175-12-25
0003,2176-11-23
0003,2177-10-24
0003,2178-09-25
0003,2179-08-28
0003,2180-07-31
0003,2182-06-10
0003,2183-05-17
0003,2184-04-23
0003,2185-04-01
0003,2186-03-11
0003,2187-02-19
0003,2189-01-12
0003,2189-12-26
0003,2190-12-10
0003,2191-11-25
0003,2192-11-10
0003,2193-10-28
0003,2195-10-05
0003,2196-09-24
0003,2197-09-15
0003,2198-09-07
0003,2199-08-31
0003,2200-08-25
0003,2202-08-16
0003,2203-08-13
0003,2204-08-10
0003,2205-08-09
0004,2023-09-23
0004,2023-09-25
0004,2023-09-28
0004,2023-10-02
0004,2023-10-07
0004,2023-10-28
0004,2023-11-06
0004,2023-11-16
0004,2023-11-27
0004,2023-12-09
0004,2024-01-20
0004,2024-02-05
0004,2024-02-22
0004,2024-03-11
0004,2024-03-30
0004,2024-06-01
0004,2024-06-24
0004,2024-07-18
0004,2024-08-12
0004,2024-09-07
0004,2024-11-30
0004,2024-12-30
0004,2025-01-30
0004,2025-03-03
0004,2025-04-05
0004,2025-07-19
0004,2025-08-25
0004,2025-10-02
0004,2025-11-10
0004,2025-12-20
0004,2026-04-25
0004,2026-06-08
0004,2026-07-23
0004,2026-09-07
0004,2026-10-24
0004,2027-03-20
0004,2027-05-10
0004,2027-07-01
0004,2027-08-23
0004,2027-10-16
0004,2028-04-01
0004,2028-05-29
0004,2028-07-27
0004,2028-09-25
0004,2028-11-25
0004,2029-06-02
0004,2029-08-06
0004,2029-10-11
0004,2029-12-17
0004,2030-02-23
0004,2030-09-21
0004,2030-12-02
0004,2031-02-13
0004,2031-04-28
0004,2031-07-12
0004,2032-02-28
0004,2032-05-17
0004,2032-08-05
0004,2032-10-25
0004,2033-01-15
0004,2033-09-24
0004,2033-12-19
0004,2034-03-16
0004,2034-06-12
0004,2034-09-09
0004,2035-06-09
0004,2035-09-10
0004,2035-12-13
0004,2036-03-17
0004,2036-06-21
0004,2037-04-11
0004,2037-07-20
0004,2037-10-29
0004,2038-02-08
0004,2038-05-22
0004,2039-04-02
0004,2039-07-18
0004,2039-11-03
0004,2040-02-20
0004,2040-06-09
0004,2041-05-11
0004,2041-09-02
0004,2041-12-26
0004,2042-04-21
0004,2042-08-16
0004,2043-08-08
0004,2043-12-07
0004,2044-04-07
0004,2044-08-08
0004,2044-12-10
0004,2045-12-23
0004,2046-04-30
0004,2046-09-06
0004,2047-01-14
0004,2047-05-25
0004,2048-06-27
0004,2048-11-09
0004,2049-03-25
0004,2049-08-09
0004,2049-12-25
0004,2051-02-18
0004,2051-07-10
0004,2051-11-30
0004,2052-04-22
0004,2052-09-14
0004,2053-11-29
0004,2054-04-27
0004,2054-09-24
0004,2055-02-22
0004,2055-07-24
0004,2056-10-28
0004,2057-04-02
0004,2057-09-06
0004,2058-02-11
0004,2058-07-20
0004,2059-11-15
0004,2060-04-26
0004,2060-10-07
0004,2061-03-21
0004,2061-09-03
0004,2063-01-20
0004,2063-07-09
0004,2063-12-27
0004,2064-06-16
0004,2064-12-06
0004,2066-05-15
0004,2066-11-08
0004,2067-05-05
0004,2067-10-31
0004,2068-04-28
0004,2069-10-26
0004,2070-04-28
0004,2070-10-30
0004,2071-05-04
0004,2071-11-07
0004,2073-05-27
0004,2073-12-04
0004,2074-06-14
0004,2074-12-24
0004,2075-07-06
0004,2077-02-13
0004,2077-08-30
0004,2078-03-17
0004,2078-10-03
0004,2079-04-22
0004,2080-12-21
0004,2081-07-14
0004,2082-02-05
0004,2082-08-31
0004,2083-03-27
0004,2084-12-16
0004,2085-07-16
0004,2086-02-14
0004,2086-09-16
0004,2087-04-19
0004,2089-01-29
0004,2089-09-05
0004,2090-04-13
0004,2090-11-20
0004,2091-06-30
0004,2093-05-02
0004,2093-12-14
0004,2094-07-29
0004,2095-03-14
0004,2095-10-29
0004,2097-09-21
0004,2098-05-12
0004,2099-01-01
0004,2099-08-24
0004,2100-04-17
0004,2102-04-01
0004,2102-11-27
0004,2103-07-26
0004,2104-03-24
0004,2104-11-22
0004,2106-11-27
0004,2107-08-01
0004,2108-04-05
0004,2108-12-10
0004,2109-08-17
0004,2111-09-12
0004,2112-05-23
0004,2113-02-02
0004,2113-10-16
0004,2114-06-30
0004,2116-08-15
0004,2117-05-03
0004,2118-01-20
0004,2118-10-10
0004,2119-07-01
0004,2121-09-06
0004,2122-06-01
0004,2123-02-25
0004,2123-11-22
0004,2124-08-19
0004,2126-11-16
0004,2127-08-18
0004,2128-05-20
0004,2129-02-21
0004,2129-11-26
0004,2132-03-15
0004,2132-12-22
0004,2133-10-01
0004,2134-07-12
0004,2135-04-23
0004,2137-08-31
0004,2138-06-16
0004,2139-04-02
0004,2140-01-18
0004,2140-11-05
0004,2143-04-06
0004,2144-01-27
0004,2144-11-19
0004,2145-09-13
0004,2146-07-09
0004,2148-12-28
0004,2149-10-27
0004,2150-08-27
0004,2151-06-28
0004,2152-04-29
0004,2154-11-09
0004,2155-09-15
0004,2156-07-22
0004,2157-05-30
0004,2158-04-08
0004,2160-11-08
0004,2161-09-21
0004,2162-08-05
0004,2163-06-20
0004,2164-05-05
0004,2166-12-27
0004,2167-11-16
0004,2168-10-06
0004,2169-08-28
0004,2170-07-21
0004,2173-04-03
0004,2174-02-28
0004,2175-01-26
0004,2175-12-25
0004,2176-11-23
0004,2179-08-28
0004,2180-07-31
0004,2181-07-05
0004,2182-06-10
0004,2183-05-17
0004,2186-03-11
0004,2187-02-19
0004,2188-01-31
0004,2189-01-12
0004,2189-12-26
0004,2192-11-10
0004,2193-10-28
0004,2194-10-16
0004,2195-10-05
0004,2196-09-24
0004,2199-08-31
0004,2200-08-25
0004,2201-08-20
0004,2202-08-16
0004,2203-08-13
